"SiteCode";"la_id";"Classification";"os_grid_x";"os_grid_y";"Latitude";"Longitude";"OpeningDate";"ClosingDate"
"EF1";206;"Urban Background";560155;103154;50.805786140485;0.271609212739733;2019-01-15 00:00:00;
"NL1";571;"Industrial";0;0;49.7667866669653;-7.55715939721731;2019-04-25 01:00:00;
"NL2";571;"Industrial";0;0;49.7667866669653;-7.55715939721731;2019-04-25 01:00:00;2019-07-15 01:00:00
"NL3";571;"Industrial";0;0;49.7667866669653;-7.55715939721731;2019-04-25 01:00:00;
"HP0";651;"Urban Background";536473;174128;51.4496728960354;-0.0374153592115306;2018-11-27 00:00:00;
"MS3";650;"Kerbside";528125;182016;51.5225093597419;-0.154622154656843;1997-08-12 10:00:00;
"SK8";28;"Roadside";533488;179804;51.5013906712066;-0.0782034373606952;2019-06-01 01:00:00;
"ES3";180;"Roadside";445310;119148;50.9699495242356;-1.35608449239418;2019-01-01 00:00:00;
"OP1";651;"Urban Background";536473;174128;51.4496728960354;-0.0374153592115306;2019-07-04 01:00:00;2019-11-06 00:00:00
"KX8";503;"Urban Background";529903;183740;51.5375964796089;-0.128373685865815;2019-08-27 01:00:00;2020-02-13 00:00:00
"NL4";571;"Industrial";0;0;49.7667866669653;-7.55715939721731;2019-11-01 00:00:00;
"GV3";500;"Roadside";528409;180965;51.5129998832095;-0.150913488159214;2019-10-29 12:00:00;2019-12-04 00:00:00
"C7M";650;"Rural";;;51.5223667052165;-0.154699996073154;2019-11-22 11:00:00;
"LS7";209;"Roadside";544317;101483;50.7949277155416;0.0463360344017596;2020-03-24 00:00:00;
"HPZ";651;"Urban Background";536473;174128;51.4496728960354;-0.0374153592115306;2018-11-27 00:00:00;
"RG8";40;"Industrial";527693;148464;51.221102;-0.17288661;2020-03-27 00:00:00;
"GV2";33;"Roadside";528409;180965;51.5129998832095;-0.150913488159214;2019-08-22 17:00:00;
"B7M";650;"Urban Background";127317;560150;54.8615570906125;-6.25087210852272;2012-10-31 00:00:00;
"H7L";650;"Urban Background";405650;287050;52.481315723581;-1.91823499408165;2019-11-04 09:00:00;
"EGI";55;"Indoor";;;;;2019-07-23 01:00:00;
"EGO";55;"Indoor";;;;;2019-07-23 01:00:00;
"OP3";651;"Urban Background";536473;174128;51.4496728960354;-0.0374153592115306;2008-10-01 01:00:00;
"OP2";651;"Urban Background";536473;174128;51.4496728960354;-0.0374153592115306;2019-07-04 01:00:00;2019-10-24 01:00:00
"LW5";23;"Urban Background";537228;177471;51.4795312838203;-0.0252606031340197;2019-09-20 01:00:00;
"S7N";650;"Urban Background";0;0;49.7667866669653;-7.55715939721731;2011-11-14 00:00:00;
"LC9";652;"Roadside";459361;304908;52.6386492769346;-1.12422962348724;2015-06-01 01:00:00;
"NL5";571;"Industrial";0;0;49.7667866669653;-7.55715939721731;2019-11-01 00:00:00;
"WMD";33;"Roadside";528731;178664;51.4922482333024;-0.147114752900186;2020-04-27 01:00:00;
"B7E";650;"Urban Background";146231;529911;54.6004060367713;-5.93056356781934;2019-11-11 00:00:00;
"D7M";650;"Urban Background";140795;523808;54.5429354533189;-6.00911938425979;2019-11-11 00:00:00;
"Z7M";650;"Rural";580075;159700;51.3078998418593;0.582148488015024;2019-11-07 09:00:00;
"N7K";650;"Urban Background";524045;181752;51.5210467476039;-0.213492139585065;2019-11-07 09:00:00;
"C7F";650;"Urban Background";318417;177310;51.4815671179655;3.17623372522064;2019-11-08 09:00:00;
"G7W";650;"Urban Background";259694;665898;55.8657325746225;-4.24360668884696;2019-11-05 09:00:00;
"G7L";650;"Roadside";260012;665344;55.8608512555174;-4.23824336393237;2019-11-05 09:00:00;
"H7A";650;"Roadside";411855;290590;52.513041616852;-1.8267446761489;2019-11-04 09:00:00;
"A7M";650;"Urban Background";322050;656250;55.7931967414314;-3.24478170746499;2019-11-05 09:00:00;
"JC5";506;"Kerbside";0;0;49.7667866669653;-7.55715939721731;2017-12-01 00:00:00;
"ZR4";56;"Roadside";558487;174671;51.448823581151;0.279379130223739;2019-01-03 00:00:00;
"CI5";204;"Roadside";487211;105373;50.8412972202306;-0.762745555534531;2019-02-05 00:00:00;
"ST1";29;"Roadside";525680;164420;51.365744;-0.195563;1995-04-26 08:00:00;2002-04-26 01:00:00
"RY1";211;"Rural";594283;119082;50.938451;0.763915;2002-01-11 13:30:00;
"SB1";150;"Urban Background";501906;221822;51.885670066407;-0.520733740749;2000-10-02 07:00:00;2010-04-28 01:00:00
"EL1";44;"Urban Background";511403;164915;51.3723482488227;-0.400919394475775;2001-01-01 00:00:00;2009-04-06 01:00:00
"EL2";44;"Roadside";514024;164792;51.3707230028459;-0.363320598903379;2005-09-20 01:00:00;2008-07-18 09:30:00
"CT6";7;"Roadside";532527;180789;51.510499;-0.091634;2007-04-01 01:00:00;
"CD4";6;"Urban Background";530511;181665;51.518846;-0.12034;2007-06-22 01:00:00;2010-07-13 01:00:00
"CD5";6;"Urban Background";530511;181665;51.518846;-0.12034;2007-06-22 01:00:00;2011-01-15 00:00:00
"OX3";276;"Roadside";468950;194454;51.6446400849894;-1.00492380660891;2007-07-20 01:00:00;2011-02-01 00:00:00
"SU4";200;"Roadside";544614;101319;50.7933799217824;0.0504827633419067;2008-02-08 00:00:00;2008-07-10 01:00:00
"LB0";500;"Roadside";530250;177750;51.4836868929711;-0.125584065372488;2007-07-31 02:00:00;2007-09-04 01:00:00
"GR4";11;"Suburban";543978;174655;51.45258;0.070766;1995-01-01 00:00:00;
"BQ1";3;"Kerbside";552566;175384;51.4568546603968;0.194546362638148;2007-08-14 01:00:00;2010-04-13 01:00:00
"SK1";28;"Urban Background";532240;178561;51.490548;-0.09661;1993-03-01 00:00:00;2009-06-17 13:00:00
"HP2";651;"Urban Background";536473;174128;51.449695;-0.03742133;2018-11-27 00:00:00;
"HP6";651;"Urban Background";536473;174128;51.4496728960354;-0.0374153592115306;2018-11-27 00:00:00;
"HP9";651;"Urban Background";536473;174128;51.4496728960354;-0.0374153592115306;2018-11-27 00:00:00;
"ST4";29;"Kerbside";528925;163804;51.3586596124998;-0.149723946604927;2002-07-17 01:00:00;
"SX3";200;"Roadside";0;0;49.7667866669653;-7.55715939721731;2002-11-12 12:00:00;2003-03-05 00:00:00
"TH1";30;"Urban Background";537509;180867;51.510012;-0.019866;1994-01-04 17:00:00;2013-07-02 01:00:00
"TH2";30;"Roadside";535927;182221;51.5225294860844;-0.0421550991900347;1994-03-10 00:00:00;
"TH3";30;"Urban Background";535100;182664;51.526737;-0.053869;1999-10-24 13:00:00;2009-11-02 00:00:00
"TK1";34;"Urban Background";560900;177700;51.477076;0.317938;1995-01-01 00:00:00;
"EB3";206;"Urban Background";560155;103154;50.805813;0.271643;2009-05-11 01:00:00;
"CT8";7;"Roadside";532829;180694;51.5095436853913;-0.0873571979556188;2007-04-22 01:00:00;
"GL5";650;"Urban Background";259694;665898;55.8657325746225;-4.24360668884696;2013-10-07 01:00:00;2019-11-05 00:00:00
"LC1";301;"Roadside";458574;306885;52.6565051867658;-1.13550776333886;2013-10-11 01:00:00;
"SF2";652;"Urban Background";440238;390588;;;2010-02-28 00:00:00;
"AB9";999;"Roadside";544614;101319;50.7933799217824;0.0504827633419067;2018-03-09 00:00:00;
"TR1";150;"Urban Background";505485;194482;51.639265;-0.477039;1999-02-28 18:00:00;2011-11-01 00:00:00
"WA2";32;"Urban Background";525774;174660;51.456962;-0.191074;1994-10-11 15:00:00;
"WA4";32;"Roadside";525772;174605;51.4564354037312;-0.191157408342927;1998-01-31 23:00:00;2007-08-30 09:45:00
"WF1";150;"Roadside";510540;196780;51.6589173011813;-0.403329753601631;1997-03-13 12:00:00;2008-01-01 00:00:00
"WH1";150;"Urban Background";523882;213300;51.804636;-0.204634;2000-11-01 01:00:00;2011-11-01 00:00:00
"WL1";31;"Urban Background";538389;186723;51.562422;-0.004891;1998-07-05 09:00:00;2011-04-01 01:00:00
"ZA2";100;"Roadside";601178;143000;51.1508639419527;0.875156372865205;2002-01-17 02:00:00;2008-09-19 01:00:00
"ZC1";100;"Roadside";577487;166947;51.3738104219754;0.54866782994924;1997-01-12 06:00:00;
"ZD1";100;"Roadside";631645;141770;51.1283134203258;1.30926983995699;1997-05-21 10:15:00;
"ZD2";100;"Roadside";632277;141513;51.1257506209716;1.3181206451021;2000-12-21 10:45:00;
"ZD3";100;"Urban Background";632815;141755;51.1277047939408;1.32595158943857;2001-03-17 00:00:00;
"ZD4";100;"Urban Background";632700;141429;51.1248250284368;1.32410072443808;2002-08-23 17:45:00;2006-11-16 15:00:00
"ZD5";100;"Urban Background";632615;140285;51.1145899595557;1.3221508255103;2001-04-01 01:00:00;2001-10-01 01:00:00
"ZF1";650;"Suburban";621365;136720;51.0870349876829;1.15949850151972;1997-07-15 16:30:00;2012-01-16 00:00:00
"ZG2";100;"Roadside";562589;172076;51.4243480970452;0.337167873443453;1998-12-31 23:00:00;
"ZG3";100;"Urban Background";562154;174363;51.4450192113339;0.331963073788446;1999-01-01 13:00:00;
"ZH1";100;"Rural";630995;163190;51.3208602719284;1.31378961232581;1998-10-27 11:00:00;
"ZH2";100;"Urban Background";635435;169832;51.378660302027;1.38178386701861;2001-02-14 10:00:00;
"ST3";29;"Suburban";527776;164513;51.365318;-0.165936;1995-05-05 08:00:00;2016-07-13 01:00:00
"BB1";150;"Roadside";536113;200083;51.6829924387588;-0.032549722551662;2001-09-13 17:00:00;2009-04-01 01:00:00
"RD2";325;"Roadside";473058;173204;51.453119;-0.949941;2007-05-30 01:00:00;2013-03-31 00:00:00
"BF1";150;"Industrial";502040;242445;52.070953879362;-0.512692515034296;2000-11-16 12:15:00;2009-02-11 00:00:00
"BG1";1;"Suburban";551053;187233;51.563752;0.177891;1999-11-02 00:00:00;
"RIV";503;"Roadside";519584;176495;51.4747612913777;-0.279538133939661;2008-01-08 10:00:00;2009-01-07 10:00:00
"MR5";500;"Kerbside";528125;182016;51.5225093597419;-0.154622154656843;2016-05-11 01:00:00;2016-06-11 01:00:00
"XL2";500;"Urban Background";532101;178832;51.4929813788003;-0.0985378910481832;2015-04-13 01:00:00;
"IT2";504;"Roadside";535927;182221;51.5225294860844;-0.0421550991900347;2009-09-29 01:00:00;2009-10-15 01:00:00
"HF2";13;"Urban Background";523625;179010;51.4964961786764;-0.220502981077703;2003-07-28 13:00:00;2009-01-21 00:00:00
"HS2";18;"Suburban";510371;177198;51.482982;-0.411895;1999-01-02 18:00:00;2012-04-01 01:00:00
"HT1";207;"Roadside";577637;108728;50.850797;0.52221;2001-06-09 01:00:00;
"HV1";16;"Roadside";553110;182516;51.520787459334;0.205460705694044;1995-12-08 00:00:00;
"HV3";16;"Roadside";551105;188261;51.572976;0.179079;1998-12-22 10:00:00;
"ZL1";100;"Urban Background";577257;166660;51.371304163503;0.545223767480804;1997-01-04 12:00:00;
"ZM2";100;"Kerbside";575740;155615;51.2725580880088;0.51801075701797;1999-06-01 13:30:00;
"ZM3";100;"Rural";580075;159700;51.3078998418593;0.582148488015024;1999-06-01 01:00:00;2019-11-13 00:00:00
"ZR1";56;"Kerbside";558525;174709;51.4491543603338;0.279942529264489;1999-06-21 12:00:00;2018-03-22 00:00:00
"ZR2";56;"Roadside";554117;173852;51.4426702340503;0.216185856662181;2002-11-05 16:00:00;
"ZR3";56;"Roadside";558622;172752;51.4315447616649;0.280461133037019;2002-11-15 04:00:00;
"ZS1";100;"Rural";583100;176200;51.455140747224;0.633997705238494;1997-01-05 06:00:00;
"ZT1";100;"Roadside";558815;146140;51.1923921924218;0.271394318921666;1997-03-30 15:00:00;2004-09-27 10:00:00
"ZT2";100;"Urban Background";558515;139553;51.1332917693646;0.264204307641556;1997-03-30 15:00:00;
"ZV1";37;"Urban Background";553601;156774;51.289391;0.201437;1998-01-27 14:15:00;
"ZY1";100;"Urban Background";616200;157300;51.2737875657262;1.09823600445155;1999-05-02 18:00:00;
"ZY2";100;"Roadside";614280;158270;51.3735677648201;-0.291725037967867;1999-02-08 12:00:00;
"HS1";18;"Roadside";517500;178100;51.489321;-0.310002;1993-04-01 01:00:00;2003-01-01 00:00:00
"BG3";1;"Kerbside";543955;184432;51.540444;0.074418;2007-03-16 00:00:00;2011-05-25 01:00:00
"ZH4";100;"Roadside";638250;165250;51.336360630508;1.41909174718862;2003-02-10 11:00:00;
"BE7";500;"Urban Background";146231;529911;54.6004060367713;-5.93056356781934;2003-10-01 01:00:00;2004-01-01 00:00:00
"NH5";150;"Roadside";524458;233889;51.9894898348046;-0.188893823098869;2009-09-22 01:00:00;2011-11-01 00:00:00
"RM1";500;"Rural";499546;172153;51.4396091319217;-0.56917333225706;1999-01-01 00:00:00;
"CB1";228;"Roadside";569912;206881;51.7348580046953;0.459220894545019;2006-06-01 01:00:00;
"RO1";233;"Roadside";580536;190629;51.5855666578907;0.604521242772868;2010-01-01 00:00:00;
"ZH3";100;"Urban Background";635931;165331;51.3380539174547;1.38591494184702;2003-03-07 15:00:00;
"BM1";250;"Suburban";0;0;49.7667866669653;-7.55715939721731;2003-02-20 00:00:00;2004-03-01 00:00:00
"BM2";250;"Roadside";0;0;49.7667866669653;-7.55715939721731;2004-03-01 00:00:00;2004-03-01 00:00:00
"NA5";250;"Urban Background";0;0;49.7667866669653;-7.55715939721731;2003-04-02 12:45:00;2004-03-01 00:00:00
"NA6";250;"Roadside";0;0;49.7667866669653;-7.55715939721731;2003-04-02 11:15:00;2004-03-01 00:00:00
"NH4";150;"Urban Background";515092;221898;51.883789;-0.329202;2003-05-14 11:45:00;2009-09-22 01:00:00
"HS5";18;"Roadside";517423;178070;51.489398;-0.310081;2003-06-02 14:00:00;2012-04-01 01:00:00
"TK2";34;"Roadside";556738;177928;51.478572549698;0.255673282805438;2003-05-01 15:00:00;2008-04-04 01:00:00
"BT4";4;"Roadside";520866;185169;51.552476;-0.258089;2003-06-20 07:00:00;
"WL3";31;"Roadside";536975;193674;51.6251928602333;-0.0225973251092037;2003-07-14 13:00:00;2007-04-18 01:00:00
"MP1";177;"Industrial";439071;111152;50.8985062038577;-1.44578806770638;2007-09-17 01:00:00;2015-01-07 00:00:00
"WL5";31;"Roadside";537802;186021;51.556257676576;-0.013629679065;2007-09-20 01:00:00;2011-04-01 01:00:00
"WM1";500;"Urban Background";529802;178962;51.4946816299134;-0.131587057244986;1993-01-01 00:00:00;1995-09-30 01:00:00
"HP4";651;"Urban Background";536473;174128;51.4496728960354;-0.0374153592115306;2018-11-27 00:00:00;
"HP1";23;"Urban Background";536473;174128;51.4496728960354;-0.0374153592115306;2018-11-27 00:00:00;
"HP3";651;"Urban Background";536473;174128;51.4496728960354;-0.0374153592115306;2008-10-01 01:00:00;
"MP3";177;"Industrial";439071;111152;50.8985062038577;-1.44578806770638;2007-09-17 01:00:00;2015-01-07 00:00:00
"MP2";177;"Industrial";439701;112762;50.912965;-1.436635;2007-09-17 01:00:00;2015-01-06 00:00:00
"NK2";651;"Urban Background";524045;181752;51.5210467476039;-0.213492139585065;2005-10-17 01:00:00;2018-11-08 00:00:00
"KC8";651;"Urban Background";524045;181752;51.5210467476039;-0.213492139585065;2005-01-01 00:00:00;2010-01-01 17:15:00
"WM5";33;"Urban Background";530444;180903;51.5119769825798;-0.12162720332856;2009-07-10 01:00:00;
"WL4";31;"Kerbside";537466;191071;51.601718495597;-0.016498263136;2007-11-01 00:00:00;2011-04-01 01:00:00
"RIU";503;"Roadside";519584;176495;51.4747612913777;-0.279538133939661;2008-01-08 10:00:00;2009-01-07 10:00:00
"IC6";504;"Roadside";532527;180789;51.5104682413134;-0.0916706755022448;2008-05-08 01:00:00;2011-09-21 01:00:00
"RG2";40;"Suburban";528552;141855;51.161508;-0.162928;2003-08-12 09:00:00;2017-01-09 00:00:00
"ZW1";100;"Roadside";600199;160894;51.3119055983069;0.871167456642918;2003-08-14 12:30:00;2008-02-20 14:30:00
"ZW2";100;"Urban Background";591818;174837;51.4400154072681;0.758586282085247;2003-08-14 14:45:00;
"LA1";150;"Urban Background";511866;221145;51.877676;-0.376301;2003-10-16 09:00:00;2011-09-01 01:00:00
"SX4";200;"Roadside";522072;105136;50.8328702119614;-0.267914614150272;2003-08-15 01:00:00;2004-02-13 00:00:00
"RIE";503;"Roadside";516750;173750;51.4506815999714;-0.321230491530756;2003-02-25 00:00:00;2003-05-20 01:00:00
"TK3";34;"Roadside";569356;182736;51.518162;0.439548;2003-08-24 05:00:00;
"RIF";503;"Roadside";516750;173750;51.4506815999714;-0.321230491530756;2003-02-25 00:00:00;2003-05-20 01:00:00
"RIC";503;"Kerbside";518094;175267;51.4640372810175;-0.301391904857414;2002-11-19 11:30:00;2003-02-24 00:00:00
"RID";503;"Kerbside";518094;175267;51.4640372810175;-0.301391904857414;2002-11-19 11:30:00;2003-02-24 00:00:00
"SX7";200;"Roadside";544693;102384;50.8029311077659;0.0520220935903264;2005-01-25 00:00:00;2005-07-01 01:00:00
"BO1";250;"Suburban";262630;187170;51.5665963191827;-3.98334810595898;2003-12-11 11:00:00;2005-02-07 00:00:00
"LB4";22;"Kerbside";531070;175593;51.464113541162;-0.11458102695123;2003-12-18 00:00:00;
"CK1";251;"Suburban";0;0;49.7667866669653;-7.55715939721731;2004-01-07 10:00:00;2011-07-04 01:00:00
"RIG";503;"Roadside";517250;170250;51.4191216540222;-0.315195968785184;2003-05-21 01:00:00;2004-02-03 00:00:00
"RIH";503;"Roadside";517250;170250;51.4191216540222;-0.315195968785184;2003-05-21 01:00:00;2004-02-03 00:00:00
"MY7";33;"Kerbside";528125;182016;51.52254;-0.15459;2004-01-22 12:00:00;
"RII";503;"Urban Background";515750;171250;51.4284173678729;-0.336431582456963;2004-02-04 00:00:00;2004-04-26 01:00:00
"RIJ";503;"Urban Background";515750;171250;51.4284173678729;-0.336431582456963;2004-02-04 00:00:00;2004-04-26 01:00:00
"SX5";200;"Roadside";577110;108480;50.8487033738032;0.51457571041646;2004-02-13 00:00:00;2004-08-02 01:00:00
"BT5";4;"Industrial";521511;185204;51.552656;-0.248774;2004-02-29 23:00:00;
"NF1";176;"Industrial";442945;103930;50.833312;-1.391525;2001-01-01 00:00:00;2017-01-01 00:00:00
"NF2";176;"Industrial";445880;103248;50.826958;-1.349945;2002-01-01 00:00:00;2017-01-01 00:00:00
"NF3";176;"Urban Background";414248;105443;50.8483100901838;-1.79898293402964;2001-01-01 00:00:00;2004-10-07 01:00:00
"BX6";3;"Roadside";552615;175416;51.457159;0.195294;2004-04-08 01:00:00;2010-03-23 00:00:00
"EN5";10;"Roadside";529894;192223;51.613865;-0.125338;2004-07-01 01:00:00;
"A30";21;"Roadside";518983;165220;51.373553348648;-0.291969827871431;1997-03-20 00:00:00;2007-09-30 01:00:00
"BL0";6;"Urban Background";530123;182014;51.522287;-0.125848;1992-01-23 00:00:00;
"SU7";200;"Rural";517421;134148;51.094629;-0.324546;2009-04-28 01:00:00;2009-12-21 00:00:00
"MY1";33;"Kerbside";528125;182016;51.52254;-0.15459;1997-05-26 13:00:00;
"MY2";501;"Kerbside";528125;182016;51.5223667052165;-0.154699996073154;1997-08-12 10:00:00;2012-09-26 13:00:00
"MY3";501;"Kerbside";528125;182016;51.5223667052165;-0.154699996073154;1998-01-06 15:00:00;2003-06-01 01:00:00
"NH3";150;"Urban Background";535250;240750;52.0486176911781;-0.0291152629444116;2002-05-31 10:15:00;2003-05-13 08:30:00
"RB1";26;"Urban Background";544377;187647;51.569221;0.081821;1999-11-21 10:00:00;2014-05-13 01:00:00
"RB2";26;"Kerbside";543594;186418;51.5583461865157;0.0699915095238029;1999-12-01 14:00:00;2003-06-01 01:00:00
"DC3";46;"Roadside";497295;208901;51.7703117589898;-0.591364691385713;2012-10-31 00:00:00;2013-11-08 00:00:00
"NK8";500;"Urban Background";524045;181752;51.5210467476039;-0.213492139585065;2011-04-12 01:00:00;
"HG4";14;"Urban Background";529977;188903;51.5839769007709;-0.125400278484885;2012-10-25 01:00:00;
"GH1";650;"Rural";172060;21075;50.046033556665;-5.18511728841087;2012-11-19 00:00:00;2013-11-21 00:00:00
"XN0";500;"Urban Background";100000;100000;50.7219499093979;-6.25202012130081;2014-01-01 00:00:00;
"XL1";500;"Urban Background";532101;178832;51.4929813788003;-0.0985378910481832;2015-04-13 01:00:00;
"XO3";500;"Urban Background";100000;100000;50.7219499093979;-6.25202012130081;2018-05-05 01:00:00;2019-10-17 01:00:00
"RB3";26;"Kerbside";544555;190402;51.593935;0.085516;1999-11-20 14:00:00;2012-03-30 11:45:00
"RB4";26;"Roadside";540823;188369;51.57661;0.030858;1999-11-21 13:00:00;
"RG1";40;"Suburban";528204;142330;51.165858475858;-0.167734107139;2008-04-24 01:00:00;
"RI1";27;"Roadside";522498;177165;51.480189;-0.237335;2000-06-14 01:15:00;
"RI2";27;"Suburban";522989;176729;51.476168;-0.230427;2001-03-29 11:00:00;
"ST2";29;"Urban Background";523840;165740;51.3771892138334;-0.222044077436931;1995-04-25 18:00:00;2002-05-03 01:00:00
"SA1";150;"Urban Background";516548;207356;51.75278928679;-0.312949678581;1996-07-07 16:00:00;2011-03-29 01:00:00
"SE1";150;"Roadside";523586;223965;51.900545;-0.205114;2002-01-24 12:00:00;2011-11-01 00:00:00
"CR5";8;"Kerbside";530626;169707;51.411349;-0.12311;2000-10-05 12:15:00;
"CR6";8;"Suburban";531369;166096;51.3786978969719;-0.113796403332539;2001-01-26 08:00:00;2009-05-22 01:00:00
"CY1";8;"Roadside";533901;171290;51.424812;-0.075449;1999-09-30 00:00:00;2010-07-29 01:00:00
"EH1";150;"Rural";533344;230068;51.953134;-0.061014;1997-06-17 11:15:00;2009-07-18 01:00:00
"EH2";150;"Urban Background";548548;215628;51.81955;0.153865;1998-07-01 00:00:00;2011-11-01 00:00:00
"EH3";150;"Roadside";548220;215393;51.817529;0.149001;2001-10-10 01:00:00;2011-11-01 00:00:00
"EN1";10;"Suburban";533900;195800;51.6450367266602;-0.0661800662229116;1995-06-29 09:00:00;
"EN2";10;"Roadside";532630;196590;51.6524364979749;-0.084224624306898;1997-12-21 16:00:00;2006-09-14 01:00:00
"EN3";10;"Urban Background";535440;195000;51.6374794858769;-0.0442461406121593;1998-11-03 10:00:00;2008-07-28 01:00:00
"EN4";10;"Roadside";535056;192470;51.614864007;-0.0507658363689;2000-02-29 09:15:00;
"GB6";3;"Roadside";544997;175098;51.4563;0.085606;2000-10-18 10:15:00;
"HO5";208;"Roadside";521500;122500;50.9890625032173;-0.270257451266797;2010-09-20 01:00:00;
"NB0";652;"Rural";214640;212700;51.7821521458803;-4.68858303946586;1999-01-01 00:00:00;
"XS1";504;"Industrial";0;0;49.7667866669653;-7.55715939721731;2009-10-01 01:00:00;2011-06-22 01:00:00
"RHG";27;"Roadside";515355;173992;51.4531422511004;-0.341218138106469;2016-05-24 01:00:00;
"XZ1";500;"Urban Background";100000;100000;50.7219499093979;-6.25202012130081;;2016-08-04 01:00:00
"CF1";650;"Urban Background";319260;177310;51.4889248810223;-3.16428109070607;2008-10-01 01:00:00;2014-06-09 01:00:00
"GR5";11;"Roadside";538960;177954;51.4834490664601;-0.000145562683198809;1996-11-27 00:00:00;2015-12-02 00:00:00
"GR7";11;"Roadside";538141;176710;51.472504;-0.012381;2002-03-08 11:00:00;
"HF1";13;"Roadside";523420;178590;51.4927663395234;-0.223601338284455;1999-08-23 19:15:00;2009-01-20 00:00:00
"HG1";14;"Roadside";533891;190707;51.599302;-0.068218;1994-11-29 12:00:00;
"HG2";14;"Urban Background";529894;189125;51.586029;-0.126486;1996-03-29 00:00:00;2012-10-25 01:00:00
"HI1";17;"Roadside";510835;184916;51.552264;-0.402779;1994-01-01 00:00:00;2011-06-01 01:00:00
"HI2";17;"Roadside";506990;181925;51.526115;-0.459128;2002-09-25 12:30:00;2011-06-01 01:00:00
"HK4";12;"Urban Background";534830;186234;51.558884;-0.056388;1993-10-08 17:15:00;2011-08-31 01:00:00
"HK6";12;"Roadside";532947;182575;51.526454;-0.08491;2000-06-01 00:00:00;
"HM1";150;"Urban Background";519450;196300;51.6527824578374;-0.274742958741934;1998-01-02 00:15:00;2005-10-26 01:00:00
"HO1";208;"Urban Background";517688;133497;51.0886979531234;-0.320975990184025;2002-01-01 00:00:00;2004-12-03 00:00:00
"HR1";15;"Urban Background";517877;192314;51.617327;-0.298775;1999-04-10 11:00:00;
"HR2";15;"Roadside";513504;188998;51.588417;-0.362989;2003-06-16 01:00:00;
"EA6";9;"Roadside";518537;182708;51.53085;-0.292488;2003-08-04 01:00:00;
"HS3";18;"Roadside";517500;178100;51.489321;-0.310002;1999-03-20 12:00:00;2003-01-01 00:00:00
"SK2";28;"Roadside";534620;177670;51.4819456792926;-0.0627176235171689;1994-05-03 01:00:00;2006-04-21 01:00:00
"NK1";651;"Urban Background";524045;181752;51.5210467476039;-0.213492139585065;2005-05-28 01:00:00;2018-11-08 00:00:00
"MA1";651;"Urban Background";384310;398325;53.4813756906487;-2.23789349063873;2005-05-28 01:00:00;2007-06-15 01:00:00
"NE2";500;"Urban Background";278036;188249;51.5798390360296;-3.7615678386243;2005-05-28 01:00:00;2007-06-29 01:00:00
"PT1";652;"Industrial";278036;188249;51.5798390360296;-3.7615678386243;1997-01-09 00:00:00;2007-07-24 01:00:00
"ZT4";100;"Roadside";558250;141750;51.1531049923211;0.261384613517527;2005-06-20 01:00:00;2020-01-01 00:00:00
"RGY";500;"Rural";526400;139600;51.1416972075109;-0.194509266326039;2005-06-28 01:00:00;2006-10-17 01:00:00
"SX8";200;"Kerbside";502500;106500;50.8489251948435;-0.545356104270434;2005-07-01 01:00:00;2005-11-07 00:00:00
"RIQ";503;"Roadside";516509;173500;51.4484842730256;-0.324779387724557;2005-07-19 01:00:00;2006-07-24 01:00:00
"RIR";503;"Roadside";516750;173250;51.446187775334;-0.321395297693787;2005-07-19 01:00:00;2006-07-24 01:00:00
"ZV2";37;"Roadside";553047;156691;51.2887681443168;0.193420906906318;2005-08-11 01:00:00;
"BH6";203;"Roadside";532119;105779;50.8364452777321;-0.12509151541646;2005-08-31 01:00:00;2006-09-28 01:00:00
"IS3";650;"Urban Background";531600;184200;51.5413375433481;-0.103747817882987;1982-03-30 01:00:00;2001-04-02 01:00:00
"EG2";650;"Urban Background";517400;180700;51.5130108089838;-0.30957263323311;1988-03-29 01:00:00;2002-04-01 01:00:00
"RB6";650;"Urban Background";544000;186400;51.5580810407137;0.0758366838717727;1971-03-30 01:00:00;2003-03-31 01:00:00
"EN6";650;"Urban Background";533800;195800;51.6450605072535;-0.0676244512720117;1961-04-04 01:00:00;
"GR2";650;"Urban Background";538200;177300;51.4777582451782;-0.0113393412841005;1973-04-03 01:00:00;
"CT5";650;"Urban Background";532400;181400;51.5159886951131;-0.0932703994264833;1972-03-28 01:00:00;
"WM2";650;"Urban Background";529802;178962;51.4946816299134;-0.131587057244986;1986-04-01 01:00:00;
"BX0";3;"Suburban";549980;179064;51.4906102082147;0.158914493927518;2004-04-28 01:00:00;
"LB5";22;"Industrial";530317;177952;51.4854867739729;-0.124545234819213;2005-02-01 00:00:00;
"RG3";40;"Rural";526419;139640;51.142082;-0.194181;2005-02-22 00:00:00;
"BE0";651;"Urban Background";146231;529911;54.6004060367713;-5.93056356781934;2005-05-28 01:00:00;2007-06-15 01:00:00
"EG1";9;"Roadside";520304;180054;51.5065947337762;-0.267964378025953;2005-09-01 01:00:00;2006-10-04 01:00:00
"HM4";150;"Urban Background";520248;197246;51.661149780061;-0.262858199293;2005-11-05 00:00:00;2011-04-01 01:00:00
"ST5";29;"Industrial";529400;167224;51.389286904505;-0.141661524779893;2005-12-01 00:00:00;
"AR1";204;"Rural";492396;123247;51.0011801326866;-0.684602402836938;2005-12-01 00:00:00;
"AR2";212;"Rural";544886;117461;50.938397;0.060765;2005-09-01 01:00:00;
"DC2";150;"Urban Background";505460;207380;51.7551644081251;-0.473538963981745;2005-12-13 12:00:00;2006-03-08 00:00:00
"BY8";500;"Roadside";540400;169400;51.4062281006624;0.0171886320005196;1998-08-18 01:00:00;2000-07-25 01:00:00
"EA4";503;"Roadside";512900;180350;51.5107813045151;-0.374504266806775;1998-11-30 00:00:00;1999-03-01 00:00:00
"EA5";503;"Roadside";513100;180350;51.5107413482791;-0.371623518773101;1999-03-01 00:00:00;2001-06-21 01:00:00
"RI7";503;"Suburban";520690;173230;51.4451829242026;-0.264734269467253;2002-04-28 01:00:00;2002-09-10 01:00:00
"BF4";150;"Roadside";504491;249619;52.135018;-0.474713;2008-12-01 00:00:00;2011-11-01 00:00:00
"CS6";652;"Urban Background";437909;370545;53.23056526696;-1.43356664416152;2008-03-13 00:00:00;
"KG2";20;"Urban Background";525509;178268;51.4894131144322;-0.193640886158949;2013-10-30 00:00:00;2014-10-31 00:00:00
"RI8";503;"Suburban";520690;173230;51.4451829242026;-0.264734269467253;2002-04-28 01:00:00;2002-09-10 01:00:00
"RIA";503;"Kerbside";517847;174890;51.460700406459;-0.305071403633284;2002-09-16 01:00:00;2002-11-19 00:00:00
"RIB";503;"Kerbside";517847;174890;51.460700406459;-0.305071403633284;2002-09-16 01:00:00;2002-11-19 00:00:00
"MR3";650;"Kerbside";528125;182016;51.5223667052165;-0.154699996073154;1997-08-12 10:00:00;
"CO1";500;"Kerbside";528125;182016;51.5225093597419;-0.154622154656843;2006-01-31 00:00:00;2007-03-05 00:00:00
"BT7";4;"Urban Background";525173;183297;51.534718;-0.196664;2008-01-04 00:00:00;2010-12-21 00:00:00
"LH1";500;"Urban Background";507600;176700;51.4790076192899;-0.451958197008976;1947-01-01 00:00:00;
"HT2";207;"Roadside";577033;108723;50.850936016023;0.5136444126694;2008-03-01 00:00:00;2011-04-02 01:00:00
"SU3";200;"Kerbside";521350;122500;50.9890941150671;-0.272393592271977;2007-07-23 01:00:00;2007-12-04 00:00:00
"EI0";9;"Urban Background";514323;184070;51.5439296252862;-0.352801776049933;2008-03-25 00:00:00;2009-04-15 01:00:00
"TK8";34;"Roadside";556698;177937;51.478697;0.255133;2008-04-04 02:00:00;
"PT4";500;"Industrial";278745;187410;51.5724519618149;-3.75105088301475;2007-07-24 01:00:00;
"TB1";650;"Rural";562200;179100;51.4875633523341;0.334796226699735;1993-03-30 01:00:00;2005-04-09 01:00:00
"MO2";500;"Rural";262630;187170;51.5665963191827;-3.98334810595898;1999-01-01 00:00:00;
"XB1";500;"Rural";485700;233700;51.9951158462609;-0.75320735979272;1969-04-01 01:00:00;
"ERG";500;"Urban Background";0;0;;;2008-07-07 01:00:00;
"MD4";150;"Rural";500444;241668;52.064308;-0.536167;2008-07-01 01:00:00;2011-10-31 00:00:00
"TL2";500;"Roadside";538299;181449;51.5150170083421;-0.00829004890891997;2008-07-17 01:00:00;2018-10-24 01:00:00
"TL1";500;"Roadside";520712;185164;51.5524326273922;-0.260338843869077;2008-07-17 01:00:00;2015-03-27 00:00:00
"OX0";275;"Urban Background";451372;206153;51.7516955428026;-1.25721684237646;2006-12-01 01:00:00;
"OX4";275;"Urban Background";451255;205462;51.745493941565;-1.25901319395777;2006-12-01 00:00:00;
"GR8";11;"Roadside";540200;178367;51.486884;0.017901;2004-07-08 01:00:00;
"LRS";600;"Roadside";0;0;49.7667866669653;-7.55715939721731;1994-01-01 00:00:00;
"LBG";600;"Urban Background";0;0;49.7667866669653;-7.55715939721731;1994-01-01 00:00:00;
"HS6";18;"Roadside";513653;176842;51.479129;-0.36476;2006-04-13 01:00:00;2012-04-01 01:00:00
"PT6";500;"Industrial";278708;187384;51.5722103307815;-3.75157552366528;2007-07-19 01:00:00;
"NK4";500;"Urban Background";524045;181752;51.5210467476039;-0.213492139585065;2016-05-11 01:00:00;2016-06-27 01:00:00
"IG4";504;"Urban Background";543978;174655;51.45258;0.070766;2008-05-13 01:00:00;2011-06-16 01:00:00
"FB1";178;"Roadside";485063;156969;51.305503;-0.781091;2004-01-01 00:00:00;2011-04-28 01:00:00
"BX9";3;"Suburban";551864;176379;51.4659832746662;0.184877126994369;2008-10-21 01:00:00;
"GV1";33;"Roadside";528350;178921;51.493492;-0.149906;2018-12-11 09:00:00;
"ST6";29;"Kerbside";522557;165787;51.377923;-0.240414;2008-11-04 00:00:00;
"MR7";500;"Kerbside";528125;182016;51.5225093597419;-0.154622154656843;2019-03-01 00:00:00;2019-11-20 00:00:00
"SX9";200;"Kerbside";544250;101750;50.7973438519171;0.045490786692181;2006-02-07 00:00:00;2006-05-09 01:00:00
"MW3";35;"Rural";493808;169297;51.414941181381;-0.652429197866;2005-01-28 00:00:00;2012-03-19 00:00:00
"ZW3";100;"Roadside";600395;160892;51.3118187040246;0.873974842244302;2006-03-15 00:00:00;
"RGZ";500;"Rural";526400;139600;51.1416972075109;-0.194509266326039;2006-03-29 01:00:00;2006-10-17 01:00:00
"IS4";19;"Urban Background";529610;186230;51.5600403385285;-0.131679425163847;2006-04-20 01:00:00;2009-03-11 00:00:00
"IS5";19;"Roadside";531580;183190;51.5322658877275;-0.104413186512037;2006-08-04 01:00:00;2009-03-11 00:00:00
"SU1";200;"Kerbside";485810;103840;50.8277240829443;-0.782997013116517;2006-07-04 01:00:00;2006-12-04 00:00:00
"RIS";503;"Roadside";513975;172924;51.4438224398962;-0.36141376634065;2006-07-24 01:00:00;2008-01-08 09:00:00
"RIT";503;"Roadside";513975;172924;51.4438224398962;-0.36141376634065;2006-07-24 01:00:00;2008-01-08 09:00:00
"RD0";325;"Urban Background";473441;173198;51.4529847075166;-0.944461432664066;2003-10-17 01:00:00;
"BH7";203;"Roadside";530975;104724;50.8272230188876;-0.141705374326714;2006-09-26 01:00:00;2007-06-20 01:00:00
"BF3";150;"Industrial";502837;246265;52.105186;-0.499894;2006-10-01 01:00:00;2009-08-11 01:00:00
"BQ8";3;"Urban Background";548465;179469;51.4946486813055;0.137279111232178;2010-08-24 01:00:00;
"WM8";33;"Urban Background";529042;179208;51.497066177578;-0.142438820740121;2014-01-06 00:00:00;2016-04-04 01:00:00
"JA1";506;"Kerbside";0;0;49.7667866669653;-7.55715939721731;2013-12-01 00:00:00;
"XN2";500;"Urban Background";100000;100000;50.7219499093979;-6.25202012130081;2014-01-01 00:00:00;2019-09-16 01:00:00
"XL4";500;"Urban Background";532101;178832;51.4929813788003;-0.0985378910481832;2015-04-13 01:00:00;
"RHA";503;"Roadside";518557;175460;51.4656751682938;-0.294665384985479;2011-01-12 00:00:00;2012-01-04 00:00:00
"LD1";500;"Urban Background";430296;432326;53.7863449549847;-1.54165933091065;2008-01-01 00:00:00;
"RHB";503;"Roadside";518557;175460;51.4656751682938;-0.294665384985479;2011-01-12 00:00:00;2012-01-04 00:00:00
"XH2";500;"Rural";446772;186020;51.5710906509547;-1.32653578717581;2010-11-01 00:00:00;2013-02-12 00:00:00
"LS4";209;"Urban Background";545109;102482;50.8037078618686;0.0579603346739966;2011-03-01 00:00:00;2013-07-18 01:00:00
"AB0";652;"Urban Background";394416;807408;57.1574617879377;-2.09394447447959;1999-09-18 01:00:00;
"AM0";652;"Rural";322050;656250;55.7931967414314;-3.24478170746499;2006-01-01 00:00:00;
"BD0";652;"Urban Background";416615;433098;53.7938969855153;-1.74926003429052;1997-11-28 00:00:00;2007-09-30 01:00:00
"BH0";203;"Urban Background";530524;106215;50.8407255326205;-0.147574894627678;2004-11-03 00:00:00;
"BH4";500;"Roadside";531322;104302;49.7667866669653;-7.55715939721731;2003-02-28 00:00:00;2008-05-29 01:00:00
"BJ0";652;"Urban Background";371000;408562;53.5728186675363;-2.43940251753743;1997-02-03 00:00:00;2008-06-30 01:00:00
"BK0";652;"Urban Background";333856;434738;53.8046789616684;-3.00584079006902;2005-06-14 01:00:00;
"PT5";500;"Urban Background";0;0;49.7667866669653;-7.55715939721731;2012-02-01 00:00:00;
"HX3";650;"Roadside";411855;290590;52.513041616852;-1.8267446761489;2012-02-20 00:00:00;2016-09-08 01:00:00
"HS8";18;"Roadside";519180;179369;51.500676298573;-0.284383168481281;2012-02-09 00:00:00;2015-02-09 00:00:00
"CR7";8;"Roadside";531151;164258;51.3622305655403;-0.117604507351392;2012-01-19 00:00:00;
"WT2";213;"Roadside";514182;104972;50.8330047430174;-0.379956200169679;2012-03-08 00:00:00;
"XL5";500;"Urban Background";532101;178832;51.4929813788003;-0.0985378910481832;2015-04-13 01:00:00;
"RC0";652;"Urban Background";459975;524563;54.6126359718331;-1.07288448147752;1997-06-25 01:00:00;2007-09-30 01:00:00
"SF0";652;"Urban Background";435134;386885;53.3776241969589;-1.4733320498179;1995-12-22 00:00:00;
"SL3";652;"Urban Background";438142;554478;54.8835686391362;-1.40700008439815;2004-12-09 00:00:00;
"SO0";652;"Urban Background";389386;389604;53.4031155446497;-2.16110872989537;2002-10-09 01:00:00;2007-09-30 01:00:00
"SP0";652;"Urban Background";490421;410812;53.5860732268272;-0.635558867314353;2004-06-06 01:00:00;
"SS0";652;"Urban Background";377932;398713;53.4846329873383;-2.3340264724382;1997-03-20 00:00:00;
"SW0";652;"Urban Background";265341;194458;51.6327413308779;-3.94705877583965;2006-09-20 01:00:00;
"SY0";652;"Urban Background";441908;512886;54.5095221310399;-1.35426286361952;2001-01-01 00:00:00;2008-09-02 01:00:00
"TM0";652;"Urban Background";332096;386644;53.3722408296657;-3.02207494669559;2000-05-14 01:00:00;
"WG0";652;"Urban Background";357825;406025;53.5491202394274;-2.6380041220064;2004-10-08 01:00:00;
"WR0";652;"Urban Background";359242;388228;53.3892747259699;-2.61430419269935;2008-10-21 01:00:00;
"WV0";652;"Urban Background";391368;298942;52.5881806445161;-2.12884401340557;1995-12-19 00:00:00;2007-09-30 01:00:00
"WX0";652;"Urban Background";332862;349904;53.0421406537391;-3.00282245243933;2007-03-21 00:00:00;2007-12-31 00:00:00
"YK0";652;"Urban Background";459959;452263;53.9629476536809;-1.0876016765439;2008-01-01 00:00:00;
"YK1";652;"Urban Background";460744;451138;53.9527464053874;-1.07586207705586;2008-01-01 00:00:00;
"RGA";500;"Kerbside";525333;150249;51.2376395523111;-0.206041177556482;2011-07-01 01:00:00;
"PZ1";500;"Industrial";278036;188249;51.5798390360296;-3.7615678386243;1999-01-01 00:15:00;
"PZ4";500;"Industrial";278745;187410;51.5724519618149;-3.75105088301475;2007-07-27 11:00:00;
"PZ6";500;"Industrial";278708;187384;51.5722103307815;-3.75157552366528;2007-07-19 01:00:00;
"PZ8";500;"Industrial";277403;188724;51.5839704131898;-3.77086454235324;2006-12-16 00:15:00;
"PZ9";500;"Industrial";278963;186844;51.5674121293368;-3.74771166999581;2007-01-18 11:45:00;
"HX9";651;"Urban Background";411855;290590;52.513041616852;-1.8267446761489;2009-03-18 00:00:00;2013-10-02 01:00:00
"CI4";204;"Roadside";485978;105220;50.8401059726033;-0.780288953021259;2008-11-24 00:00:00;
"RIW";503;"Roadside";517245;170088;51.417695;-0.315291;2009-01-07 00:00:00;2010-01-05 00:00:00
"RIX";503;"Roadside";517245;170088;51.4176666849404;-0.315321372367282;2009-01-07 00:00:00;2010-01-05 00:00:00
"ZH5";100;"Roadside";630284;169052;51.3737696756646;1.30739347171264;2007-04-01 01:00:00;
"ZW4";100;"Roadside";617500;137500;51.0955158549589;1.10486692498148;2008-02-22 00:00:00;2008-10-31 07:15:00
"ZY3";100;"Urban Background";615401;158169;51.2818924171889;1.08732215812215;2008-04-01 01:00:00;
"RI5";503;"Kerbside";0;0;49.7667866669653;-7.55715939721731;2001-02-11 00:00:00;2001-08-03 01:00:00
"RI6";503;"Kerbside";0;0;49.7667866669653;-7.55715939721731;2001-02-11 00:00:00;2001-08-03 01:00:00
"EK7";500;"Suburban";263975;653470;55.7553756927813;-4.1690365030569;2005-08-10 11:00:00;
"EK8";500;"Suburban";263975;653470;55.7553756927813;-4.1690365030569;2005-08-10 11:00:00;
"EL3";44;"Roadside";515338;168292;51.401915376964;-0.343316507599551;2007-08-30 10:45:00;2009-04-08 01:00:00
"EL4";44;"Kerbside";510117;166354;51.3855328445751;-0.418941523270413;2008-07-18 13:00:00;2009-04-08 01:00:00
"EX1";500;"Suburban";653400;263800;52.2140605348308;1.70799187066859;2004-08-04 21:00:00;
"EX2";500;"Suburban";653400;263800;52.2140605348308;1.70799187066859;2004-08-04 21:00:00;
"EX7";500;"Urban Background";0;0;;;2005-08-10 10:00:00;
"EX8";500;"Urban Background";0;0;;;2005-08-10 10:00:00;
"GL2";500;"Suburban";258902;665028;55.8576905465929;-4.2557986148307;2000-10-19 01:00:00;
"HX1";500;"Urban Background";0;0;;;2004-11-30 14:00:00;
"HX2";500;"Urban Background";0;0;;;2004-11-30 14:00:00;
"HX7";500;"Urban Background";0;0;;;2004-12-01 10:00:00;
"HX8";500;"Urban Background";0;0;;;2004-12-01 10:00:00;
"KC6";500;"Urban Background";524045;181752;51.5210467476039;-0.213492139585065;2000-09-07 01:00:00;
"LH3";500;"Roadside";503535;176829;51.4809249288589;-0.510434482524572;2001-01-01 00:00:00;
"LH4";500;"Urban Background";504780;175510;51.4688402823145;-0.492903218854378;2001-05-04 13:00:00;
"LH5";500;"Urban Background";504393;176591;51.4786281703209;-0.498153653355923;2001-06-01 01:00:00;
"LH6";500;"Urban Background";504466;175794;51.471450973644;-0.49733825602615;2001-06-01 01:00:00;
"LH7";500;"Roadside";505739;174497;51.4595569278593;-0.479404629158203;2001-06-01 01:00:00;
"LH8";500;"Urban Background";505185;176922;51.4814567539738;-0.486654812244341;2001-06-01 01:00:00;
"LH9";500;"Roadside";502760;173450;51.4506939876265;-0.522572047712492;1995-05-18 20:00:00;
"MG2";501;"Kerbside";528125;182016;51.5225093597419;-0.154622154656843;1998-07-09 01:00:00;
"MG3";501;"Kerbside";528125;182016;51.5225093597419;-0.154622154656843;1998-07-09 01:00:00;
"MG4";501;"Kerbside";528125;182016;51.5225093597419;-0.154622154656843;1998-07-09 01:00:00;
"MG5";501;"Kerbside";528125;182016;51.5225093597419;-0.154622154656843;1998-07-09 01:00:00;
"MG6";501;"Kerbside";528125;182016;51.5225093597419;-0.154622154656843;1998-07-09 01:00:00;
"MO1";500;"Urban Background";531000;181500;51.517213424767;-0.113397960009317;1989-01-01 00:00:00;1999-12-31 23:00:00
"MY4";501;"Kerbside";528125;182016;51.5223667052165;-0.154699996073154;2000-09-07 01:00:00;
"MY5";501;"Kerbside";528125;182016;51.5223667052165;-0.154699996073154;1999-06-03 01:00:00;
"NE3";500;"Urban Background";278036;188249;51.5798390360296;-3.7615678386243;2000-11-22 00:00:00;
"NO2";500;"Rural";476111;264524;52.27358060003;-0.88594991526014;2003-01-03 00:00:00;
"NW2";652;"Urban Background";623637;306940;52.6141264786287;1.30195294172495;2009-09-25 01:00:00;
"CT2";7;"Kerbside";531624;181217;51.5145253362314;-0.104515626337876;2003-01-01 00:00:00;
"CT4";7;"Roadside";532191;181866;51.520225273171;-0.0961060474176381;2003-01-01 00:00:00;
"EI1";9;"Roadside";520430;181950;51.5236078191481;-0.265502631799754;2010-03-19 00:00:00;
"KX4";6;"Industrial";529831;183250;51.533238;-0.129594;2009-07-01 01:00:00;
"PT8";500;"Industrial";277403;188724;51.5839704131898;-3.77086454235324;2006-12-16 00:15:00;2007-08-29 11:30:00
"PT9";500;"Industrial";278963;186844;51.5674121293368;-3.74771166999581;2007-01-18 11:45:00;2007-10-02 10:15:00
"DE1";250;"Urban Background";0;0;49.7667866669653;-7.55715939721731;2009-02-25 00:00:00;2010-04-01 11:00:00
"DE2";250;"Roadside";0;0;49.7667866669653;-7.55715939721731;2009-02-25 00:00:00;2010-04-01 11:00:00
"CS7";652;"Urban Background";436349;370657;53.2316806698128;-1.45692213955311;2008-03-11 00:00:00;
"RG4";40;"Kerbside";525333;150249;51.237666;-0.206011;2009-03-26 00:00:00;2013-01-11 00:00:00
"GB0";3;"Roadside";544997;175098;51.4563;0.085606;2009-03-16 00:00:00;
"SU6";200;"Urban Background";485805;104969;50.8378750219026;-0.782804047114192;2009-03-20 00:00:00;2010-12-10 00:00:00
"ES1";180;"Roadside";445480;118228;50.9616638092684;-1.35377831536391;2015-10-15 01:00:00;
"PL1";652;"Kerbside";241600;559400;54.9040933693222;-4.47204453390802;2008-07-30 01:00:00;
"BG2";1;"Suburban";548043;183320;51.529389;0.132857;1999-10-17 01:00:00;
"PL0";652;"Urban Background";247742;54610;50.3716130949787;-4.14245044042304;1997-09-29 01:00:00;
"JA2";506;"Kerbside";0;0;49.7667866669653;-7.55715939721731;2013-12-01 00:00:00;
"PR0";652;"Urban Background";355248;430143;53.7656670809042;-2.68037793439369;2000-06-06 01:00:00;
"WA7";32;"Kerbside";524036;175336;51.463429;-0.215871;2009-07-09 01:00:00;
"NM2";25;"Roadside";538661;183969;51.537598;-0.002138;1998-08-18 01:00:00;2013-04-01 01:00:00
"HO4";208;"Roadside";508991;114249;50.9173964953363;-0.450878024184572;2009-07-30 01:00:00;
"LW4";23;"Roadside";537911;175838;51.4646910611736;-0.0160682432041527;2012-07-10 01:00:00;
"XN6";500;"Roadside";0;0;49.7667866669653;-7.55715939721731;2014-07-18 01:00:00;2017-04-07 01:00:00
"UT4";236;"Rural";552346;224049;51.8941453712101;0.21259369077346;2010-02-09 00:00:00;
"XP4";500;"Urban Background";529802;178962;51.494681;-0.131587057244986;2010-01-13 00:00:00;2010-03-01 00:00:00
"XP5";500;"Urban Background";524046;181750;51.5210285541484;-0.213478437186416;2010-01-13 00:00:00;2010-03-01 00:00:00
"XP6";500;"Urban Background";511677;180071;51.508549;-0.392179;2010-01-13 00:00:00;2010-03-01 00:00:00
"CC1";229;"Roadside";595094;225099;51.8902645330155;0.833701036844169;2006-01-01 00:00:00;
"BA1";226;"Roadside";569900;189500;51.5787292983549;0.45060774010083;2007-01-01 00:00:00;
"BE4";652;"Urban Background";146231;529911;54.6004060367713;-5.93056356781934;2005-05-28 01:00:00;
"HX6";652;"Roadside";411855;290590;52.513041616852;-1.8267446761489;2009-02-12 00:00:00;
"KSS";500;"Urban Background";530810;180912;51.5119733233648;-0.11635267927536;2008-01-01 00:00:00;
"DM2";650;"Urban Background";140795;523808;54.5429354533189;-6.00911938425979;2012-07-25 01:00:00;2019-11-13 00:00:00
"JA3";506;"Kerbside";0;0;49.7667866669653;-7.55715939721731;2013-12-01 00:00:00;
"JA4";506;"Kerbside";0;0;49.7667866669653;-7.55715939721731;2013-12-01 00:00:00;
"JA5";506;"Kerbside";0;0;49.7667866669653;-7.55715939721731;2013-12-01 00:00:00;
"XD1";500;"Suburban";515115;170778;51.4243043441456;-0.345714576446947;2014-02-20 00:00:00;
"XL6";500;"Urban Background";532101;178832;51.4929813788003;-0.0985378910481832;2015-04-13 01:00:00;
"HFX";500;"Roadside";;;51.504366;-0.08257;2015-10-01 01:00:00;2017-05-16 01:00:00
"KSR";500;"Urban Background";530810;180912;51.5119733233648;-0.11635267927536;2009-01-01 00:00:00;
"MOY";500;"Rural";602500;251400;52.1237754286308;0.956707460322988;1989-01-01 00:00:00;1999-12-31 23:00:00
"MOZ";500;"Rural";336400;952200;58.4533791134655;-3.09148639139061;1989-01-01 00:00:00;1999-12-31 23:00:00
"MO3";500;"Rural";504200;302600;52.6111615998823;-0.462553613301965;1989-01-01 00:00:00;1999-12-31 23:00:00
"MO4";500;"Rural";389800;382400;53.3383703590499;-2.15464673960129;1989-01-01 00:00:00;1999-12-31 23:00:00
"MO5";500;"Rural";354900;123100;51.0054829596309;-2.64416286289068;1989-01-01 00:00:00;1999-12-31 23:00:00
"MO6";500;"Rural";381400;384400;53.3561169258243;-2.28091550649131;1989-01-01 00:00:00;1999-12-31 23:00:00
"VVR";500;"Kerbside";528678;182166;51.5237317623683;-0.146601055558886;2007-01-01 00:00:00;
"TK4";34;"Roadside";563900;176282;51.4617571252861;0.357953197319231;2010-01-01 00:00:00;2019-12-03 00:00:00
"XT3";500;"Urban Background";529221;181920;51.5213971850178;-0.138868707289094;2011-10-19 01:00:00;2013-02-11 00:00:00
"NK9";500;"Urban Background";524045;181752;51.5210467476039;-0.213492139585065;2012-10-04 01:00:00;2019-02-19 00:00:00
"XN3";500;"Urban Background";100000;100000;50.7219499093979;-6.25202012130081;2014-01-01 00:00:00;2017-08-17 01:00:00
"XB2";500;"Roadside";520866;185169;51.5524446258665;-0.258117055902041;2015-05-18 01:00:00;
"ARS";500;"Rural";0;0;49.7667866669653;-7.55715939721731;2011-01-01 00:00:00;
"EI7";9;"Urban Background";511677;180071;51.5085164816243;-0.392208459173292;2011-12-28 11:00:00;2016-01-26 00:00:00
"AM1";650;"Urban Background";322050;656250;55.7931967414314;-3.24478170746499;2012-03-21 00:00:00;2019-11-05 00:00:00
"ST8";29;"Industrial";529781;166597;51.3835652277943;-0.1364178614733;2012-04-04 01:00:00;
"CO2";500;"Roadside";528125;182016;51.5225093597419;-0.154622154656843;2010-01-01 00:00:00;
"BM3";650;"Urban Background";127317;560150;54.8615570906125;-6.25087210852272;2012-10-31 00:00:00;2019-11-14 00:00:00
"GF5";500;"Kerbside";0;0;49.7667866669653;-7.55715939721731;2012-06-01 01:00:00;
"XK5";500;"Urban Background";524045;181752;51.5210467476039;-0.213492139585065;2012-01-01 00:00:00;
"MR8";0;"Kerbside";528125;182016;51.5225093597419;-0.154622154656843;2012-01-11 00:00:00;
"JOX";506;"Roadside";0;0;49.7667866669653;-7.55715939721731;2012-01-10 00:00:00;
"SM3";200;"Roadside";578557;112072;50.8805279945598;0.53686124499086;2014-03-19 00:00:00;2015-09-08 01:00:00
"ME6";24;"Industrial";;;;;2014-12-02 00:00:00;
"LO6";508;"Industrial";530253;183117;51.5319172815527;-0.123560341079168;2018-08-23 01:00:00;2018-08-23 01:00:00
"MON";500;"Rural";132900;651200;55.680511734571;-6.25054339380579;1989-01-01 00:00:00;1999-12-31 23:00:00
"MOO";500;"Rural";236900;627600;55.514799323278;-4.58466058285262;1989-01-01 00:00:00;1999-12-31 23:00:00
"MOP";500;"Rural";227900;468600;54.0844309535668;-4.63252608428878;1989-01-01 00:00:00;1999-12-31 23:00:00
"MOQ";500;"Rural";355200;322100;52.7945629101084;-2.66583312047538;1989-01-01 00:00:00;1999-12-31 23:00:00
"MOR";500;"Rural";170500;824800;57.2560576909439;-5.80676655647443;1989-01-01 00:00:00;1999-12-31 23:00:00
"MOS";500;"Rural";299800;168300;51.4048198045572;-3.44192093000535;1989-01-01 00:00:00;1999-12-31 23:00:00
"MOT";500;"Rural";146400;933000;58.2125174214165;-6.31935191924762;1989-01-01 00:00:00;1999-12-31 23:00:00
"MOU";500;"Rural";476000;102200;50.8143481555144;-0.922595371435363;1989-01-01 00:00:00;1999-12-31 23:00:00
"MOV";500;"Rural";99700;744800;56.4990896299157;-6.88180408110517;1989-01-01 00:00:00;1999-12-31 23:00:00
"MOW";500;"Rural";230800;375800;53.2521297848223;-4.53763816822523;1989-01-01 00:00:00;1999-12-31 23:00:00
"MOX";500;"Rural";498700;365200;53.1747333780518;-0.524773081011849;1989-01-01 00:00:00;1999-12-31 23:00:00
"RHC";503;"Industrial";515274;173535;51.449051333243;-0.34253210361487;2012-01-04 00:00:00;2016-05-24 01:00:00
"XN4";500;"Urban Background";100000;100000;50.7219499093979;-6.25202012130081;2014-01-01 00:00:00;2017-04-05 01:00:00
"SM2";200;"Urban Background";544789;102083;50.8002021409387;0.0532649476136664;2012-12-20 00:00:00;2013-03-25 00:00:00
"LM1";652;"Roadside";431271;266404;52.2948514082182;-1.54290518932891;2012-10-04 01:00:00;
"XK3";500;"Urban Background";524045;181752;51.5210467476039;-0.213492139585065;2012-01-01 00:00:00;
"ZT6";100;"Roadside";558266;139855;51.1360740481093;0.260780985392274;2013-02-27 00:00:00;
"PL2";652;"Roadside";241815;592160;55.1982692474582;-4.4868667988043;2013-01-01 00:00:00;
"LC3";301;"Roadside";459528;306316;52.6512869936139;-1.12150860683312;1998-10-02 01:00:00;
"LC5";301;"Roadside";463600;309800;52.6821413925854;-1.06065482725065;2000-05-15 01:00:00;2014-03-30 00:00:00
"KT5";21;"Roadside";518562;169519;51.412308;-0.29658478;2018-03-12 00:00:00;
"KT6";21;"Roadside";521251;172166;51.4355006647773;-0.257029893767993;2018-03-12 00:00:00;
"ED1";508;"Industrial";325817;673860;55.9519793861759;-3.18954474918407;2018-03-28 01:00:00;2019-01-07 00:00:00
"ED2";508;"Industrial";325817;673860;55.9519793861759;-3.18954474918407;2018-03-28 01:00:00;2019-01-07 00:00:00
"ED3";508;"Industrial";325817;673860;55.9519793861759;-3.18954474918407;2018-03-28 01:00:00;2019-01-07 00:00:00
"ED4";508;"Industrial";325817;673860;55.9519793861759;-3.18954474918407;2018-03-28 01:00:00;2019-01-07 00:00:00
"ED5";508;"Industrial";325817;673860;55.9519793861759;-3.18954474918407;2018-03-28 01:00:00;2019-01-07 00:00:00
"MS9";500;"Kerbside";528125;182016;51.5225093597419;-0.154622154656843;2017-02-20 00:00:00;2018-10-30 00:00:00
"XN8";500;"Urban Background";100000;100000;50.7219499093979;-6.25202012130081;2018-05-03 01:00:00;2018-10-20 01:00:00
"JB5";506;"Kerbside";0;0;49.7667866669653;-7.55715939721731;2013-12-01 00:00:00;
"WMC";33;"Roadside";528763;181397;51.5168016452062;-0.145657269364411;2018-05-31 13:00:00;
"JB6";506;"Kerbside";0;0;49.7667866669653;-7.55715939721731;2013-12-01 00:00:00;
"JB7";506;"Kerbside";0;0;49.7667866669653;-7.55715939721731;2013-12-01 00:00:00;
"JB8";506;"Kerbside";0;0;49.7667866669653;-7.55715939721731;2013-12-01 00:00:00;
"ED6";500;"Industrial";325817;673860;55.9519793861759;-3.18954474918407;2018-05-17 01:00:00;2018-08-18 01:00:00
"LO1";508;"Industrial";530253;183117;51.5319172815527;-0.123560341079168;2018-03-28 01:00:00;2018-12-19 00:00:00
"LO2";508;"Industrial";530253;183117;51.5319172815527;-0.123560341079168;2018-03-28 01:00:00;2018-12-19 00:00:00
"LO3";508;"Industrial";530253;183117;51.5319172815527;-0.123560341079168;2018-03-28 01:00:00;2018-12-19 00:00:00
"LO4";508;"Industrial";530253;183117;51.5319172815527;-0.123560341079168;2018-03-28 01:00:00;2018-12-19 00:00:00
"GN6";11;"Roadside";539687;179123;51.4937746695818;0.0107796237032558;2018-07-02 01:00:00;
"RG7";40;"Roadside";528804;156436;51.2924706381269;-0.154121454400678;2018-07-17 01:00:00;
"GF3";500;"Urban Background";0;0;49.7667866669653;-7.55715939721731;1996-10-15 01:00:00;
"BC0";652;"Urban Background";411625;290457;52.5118508734699;-1.83013834753121;2008-12-15 23:00:00;
"BE2";500;"Urban Background";146231;529911;54.6004060367713;-5.93056356781934;2001-02-08 00:00:00;
"BI2";500;"Suburban";404927;284168;52.4554135758788;-1.92892242216083;2004-12-01 10:00:00;
"BI3";500;"Suburban";404927;284168;52.4554135758788;-1.92892242216083;2004-11-30 15:00:00;
"BI4";500;"Suburban";404927;284168;52.4554135758788;-1.92892242216083;2004-11-30 15:00:00;
"BI5";500;"Suburban";404927;284168;52.4554135758788;-1.92892242216083;2004-11-30 14:00:00;
"BI6";500;"Suburban";404927;284168;52.4554135758788;-1.92892242216083;2004-11-30 14:00:00;
"BI7";500;"Suburban";406342;286862;52.4796181620645;-1.90804913599036;2004-12-02 10:00:00;
"BI8";500;"Suburban";406342;286862;52.4796181620645;-1.90804913599036;2000-09-26 01:00:00;
"BQ2";3;"Kerbside";552566;175384;51.4568546603968;0.194546362638148;2007-08-14 01:00:00;2010-04-13 01:00:00
"BQ3";3;"Kerbside";552566;175384;51.4568546603968;0.194546362638148;2007-08-14 01:00:00;2010-04-13 01:00:00
"BQ4";3;"Kerbside";552566;175384;51.4568546603968;0.194546362638148;2007-08-14 01:00:00;2010-04-13 01:00:00
"BR1";500;"Suburban";359469;172424;51.4493151665972;-2.58464182068806;2005-08-13 11:00:00;
"BR2";500;"Suburban";359469;172424;51.4493151665972;-2.58464182068806;2005-08-13 11:00:00;
"BR3";500;"Suburban";359469;172424;51.4493151665972;-2.58464182068806;2005-08-15 16:00:00;
"BR4";500;"Suburban";359469;172424;51.4493151665972;-2.58464182068806;2005-08-13 07:00:00;
"BR5";500;"Suburban";359469;172424;51.4493151665972;-2.58464182068806;2005-08-13 06:00:00;
"BR6";500;"Suburban";359469;172424;51.4493151665972;-2.58464182068806;2005-08-13 02:00:00;
"BR7";500;"Suburban";359469;172424;51.4493151665972;-2.58464182068806;2005-08-15 11:00:00;
"BR8";500;"Suburban";359469;172424;51.4493151665972;-2.58464182068806;2005-08-15 11:00:00;
"BT0";500;"Roadside";520866;185169;51.5524446258665;-0.258117055902041;2010-09-08 01:00:00;
"GF4";500;"Urban Background";0;0;49.7667866669653;-7.55715939721731;1996-10-15 01:00:00;
"BY6";500;"Roadside";540630;169140;51.403834810795;0.020390228913718;1999-09-03 07:00:00;2004-01-01 00:00:00
"CA1";205;"Urban Background";528325;135927;51.1082586092159;-0.168312914016901;2001-01-01 00:00:00;2004-09-09 01:00:00
"CD2";500;"Kerbside";526629;184391;51.5441901261774;-0.175320117630478;1997-01-21 11:00:00;2003-07-24 01:00:00
"DX1";500;"Suburban";467430;430475;53.7662338467124;-0.978528634923737;2004-05-28 12:45:00;
"DX2";500;"Suburban";464465;428840;53.7519152979035;-1.02384273103673;2004-06-25 12:00:00;
"EA3";503;"Roadside";0;0;49.7667866669653;-7.55715939721731;1998-09-12 04:00:00;1998-11-25 00:00:00
"EG3";500;"Industrial";520344;181380;51.5185033816562;-0.266936113758027;2006-05-01 01:15:00;2007-05-31 01:00:00
"EG4";500;"Industrial";520406;181392;51.5185980299356;-0.266038883555402;2007-03-19 00:00:00;2007-05-07 00:45:00
"EK1";500;"Suburban";263975;653470;55.7553756927813;-4.1690365030569;2005-08-10 11:00:00;
"EK2";500;"Suburban";263975;653470;55.7553756927813;-4.1690365030569;2005-08-10 11:00:00;
"EK3";500;"Suburban";263975;653470;55.7553756927813;-4.1690365030569;2005-08-04 17:00:00;
"EK4";500;"Suburban";263975;653470;55.7553756927813;-4.1690365030569;2005-08-04 17:00:00;
"EK5";500;"Suburban";263975;653470;55.7553756927813;-4.1690365030569;2005-08-04 17:00:00;
"EK6";500;"Suburban";263975;653470;55.7553756927813;-4.1690365030569;2005-08-04 16:00:00;
"RGX";500;"Suburban";528552;141855;51.1614849525179;-0.162958897054668;2010-08-11 10:00:00;2011-01-07 00:00:00
"RI3";503;"Roadside";0;0;;;1998-08-01 01:15:00;2000-10-04 01:00:00
"RI4";503;"Roadside";0;0;;;1998-08-01 01:15:00;2000-10-04 01:00:00
"RI9";503;"Urban Background";0;0;;;2004-01-01 00:00:00;
"RX1";500;"Urban Background";0;0;;;2004-08-12 22:00:00;
"RX2";500;"Urban Background";0;0;;;2004-08-12 22:00:00;
"RX7";500;"Urban Background";0;0;;;2005-08-15 11:00:00;
"RX8";500;"Urban Background";0;0;;;2005-08-15 11:00:00;
"RGW";500;"Suburban";528204;142330;51.1658319616611;-0.167763764582061;2010-08-11 10:00:00;2011-01-06 09:45:00
"SY1";652;"Roadside";441620;513673;54.5166180004494;-1.35859982855802;2010-01-01 00:00:00;
"TD1";500;"Suburban";515115;170778;51.4243043441456;-0.345714576446947;2004-11-15 15:00:00;
"TD2";500;"Suburban";515115;170778;51.4243043441456;-0.345714576446947;2004-11-15 15:00:00;
"TD3";500;"Suburban";515115;170778;51.4243043441456;-0.345714576446947;2004-11-15 12:00:00;
"TD4";500;"Suburban";515115;170778;51.4243043441456;-0.345714576446947;2004-11-15 12:00:00;
"TD5";27;"Suburban";515120;170884;51.4252560360937;-0.345608290872898;2004-11-15 00:00:00;
"TD6";500;"Suburban";515115;170778;51.4243043441456;-0.345714576446947;2004-11-15 11:00:00;
"TD7";500;"Suburban";515115;170778;51.4243043441456;-0.345714576446947;2004-11-15 15:00:00;
"TD8";500;"Suburban";515115;170778;51.4243043441456;-0.345714576446947;2004-11-15 15:00:00;
"TH0";500;"Roadside";538290;181452;51.5150461674013;-0.00841849265642741;2010-09-08 01:00:00;
"EI2";9;"Roadside";512514;179795;51.5058699783726;-0.380241031512669;2011-04-08 01:00:00;2014-01-06 00:00:00
"TK7";500;"Urban Background";0;0;;;2006-01-01 00:00:00;
"TX0";500;"Suburban";515115;170778;51.4243043441456;-0.345714576446947;2007-06-11 11:00:00;
"TX1";500;"Suburban";515115;170778;51.4243043441456;-0.345714576446947;2003-03-17 12:30:00;
"TX2";500;"Suburban";515115;170778;51.4243043441456;-0.345714576446947;2004-11-15 11:00:00;
"TX3";500;"Suburban";515115;170778;51.4243043441456;-0.345714576446947;2007-06-11 00:00:00;
"TX4";500;"Suburban";515115;170778;51.4243043441456;-0.345714576446947;2007-06-11 00:00:00;
"TX5";500;"Suburban";515115;170778;51.4243043441456;-0.345714576446947;2007-06-11 00:00:00;
"TX6";500;"Suburban";515115;170778;51.4243043441456;-0.345714576446947;2007-06-11 00:00:00;
"TX7";500;"Suburban";515115;170778;51.4243043441456;-0.345714576446947;2004-11-15 15:00:00;
"TX8";500;"Suburban";515115;170778;51.4243043441456;-0.345714576446947;2004-11-15 15:00:00;
"TX9";500;"Suburban";515115;170778;51.4243043441456;-0.345714576446947;2007-06-11 11:00:00;
"XS3";504;"Urban Background";0;0;49.7667866669653;-7.55715939721731;2011-03-04 12:00:00;2011-06-22 01:00:00
"XT1";500;"Urban Background";529221;181920;51.5213971850178;-0.138868707289094;2011-03-01 00:00:00;2013-02-12 00:00:00
"HS4";18;"Roadside";521083;178501;51.492507;-0.257252;1999-08-26 12:45:00;2012-04-01 01:00:00
"KSJ";500;"Urban Background";530829;180852;51.5114297353077;-0.11610128291258;2008-10-01 01:00:00;
"CP2";43;"Roadside";580770;187042;51.5532732312085;0.606051296833252;2011-06-14 01:00:00;2020-03-24 00:00:00
"SH5";179;"Roadside";443751;111121;50.8978927502029;-1.37924696681996;2011-07-08 01:00:00;2020-04-01 01:00:00
"SU9";200;"Roadside";528420;138074;51.1275333315135;-0.166192795182855;2011-07-08 01:00:00;2011-07-08 01:00:00
"NK7";500;"Urban Background";524045;181752;51.5210467476039;-0.213492139585065;2008-10-01 01:00:00;2013-01-17 00:00:00
"RO2";233;"Urban Background";579577;192277;51.6006753045779;0.591536676878398;2011-06-01 01:00:00;
"GL0";652;"Suburban";258902;665028;55.8576905465929;-4.2557986148307;2005-05-28 01:00:00;
"MOA";500;"Rural";224100;252100;52.1390872644876;-4.57177871599699;1989-01-01 00:00:00;1999-12-31 23:00:00
"MOB";500;"Rural";314500;380900;53.3180657499063;-3.28492755089022;1989-01-01 00:00:00;1999-12-31 23:00:00
"MOC";500;"Rural";425300;614100;55.4201253024111;-1.60186838662897;1989-01-01 00:00:00;1999-12-31 23:00:00
"MOD";500;"Rural";162700;40600;50.2176783397387;-5.32777566404056;1989-01-01 00:00:00;1999-12-31 23:00:00
"MOE";500;"Rural";387600;812600;57.2039657591737;-2.20687911975589;1989-01-01 00:00:00;1999-12-31 23:00:00
"MOF";500;"Rural";323400;602600;55.3114592947349;-3.20837324823218;1989-01-01 00:00:00;1999-12-31 23:00:00
"MOG";500;"Rural";563000;112700;50.8907651297311;0.316196816808748;1989-01-01 00:00:00;1999-12-31 23:00:00
"MOH";500;"Rural";306700;862800;57.6453811462487;-3.56471110728983;1989-01-01 00:00:00;1999-12-31 23:00:00
"MOI";500;"Rural";430400;489100;54.2965820511692;-1.53441644773632;1989-01-01 00:00:00;1999-12-31 23:00:00
"MOJ";500;"Rural";445300;1139600;60.1383698365214;-1.1862536900043;1989-01-01 00:00:00;1999-12-31 23:00:00
"MOK";500;"Rural";346800;720800;56.3764461901073;-2.86298025827185;1989-01-01 00:00:00;1999-12-31 23:00:00
"IM1";6;"Kerbside";530528;181505;51.5173675146177;-0.1201947113171;2014-02-06 00:00:00;
"JC1";506;"Kerbside";528125;182016;51.5225093597419;-0.154622154656843;2012-07-01 01:00:00;
"JC2";506;"Kerbside";528125;182016;51.5225093597419;-0.154622154656843;2012-07-01 01:00:00;
"SK6";28;"Urban Background";531893;178846;51.4931557048667;-0.101527038274853;2013-01-23 00:00:00;
"LC4";301;"Roadside";459221;305036;52.6398150895153;-1.12627528850596;2001-05-15 01:00:00;
"LC8";301;"Urban Background";463600;309800;52.6821413925854;-1.06065482725065;2013-08-20 01:00:00;2013-10-09 01:00:00
"XH6";500;"Rural";446772;186020;51.5710906509547;-1.32653578717581;2011-01-01 00:00:00;
"ME3";500;"Industrial";523722;166503;51.3840722195953;-0.223473150102651;2013-11-04 00:00:00;2013-10-30 00:00:00
"RG6";40;"Suburban";528591;141831;51.1612605001364;-0.162410036780488;2016-09-20 09:00:00;
"XK1";500;"Urban Background";524045;181752;51.5210467476039;-0.213492139585065;2012-01-01 00:00:00;
"EI8";9;"Industrial";520432;181428;51.5189160348806;-0.265652052386222;2005-02-25 00:00:00;
"XN5";500;"Urban Background";100000;100000;50.7219499093979;-6.25202012130081;2014-01-01 00:00:00;2014-07-18 01:00:00
"PF1";500;"Urban Background";;;51.5225093597419;-0.154622154656843;2017-02-20 00:00:00;2018-02-08 00:00:00
"CM3";650;"Rural";;;51.5223667052165;-0.154699996073154;2016-01-13 00:00:00;2019-11-22 11:00:00
"XU7";504;"Urban Background";0;0;49.7667866669653;-7.55715939721731;2015-04-13 01:00:00;
"CM4";651;"Rural";439390;139078;51.1495878397059;-1.43822685268545;2016-01-13 00:00:00;
"WM9";33;"Roadside";528915;179279;51.4977331829735;-0.14424140916201;2016-08-08 01:00:00;2017-09-20 01:00:00
"JB9";506;"Kerbside";0;0;49.7667866669653;-7.55715939721731;2013-12-01 00:00:00;
"JC3";506;"Kerbside";0;0;49.7667866669653;-7.55715939721731;2013-12-01 00:00:00;
"JC4";506;"Kerbside";0;0;49.7667866669653;-7.55715939721731;2013-12-01 00:00:00;
"AN0";652;"Roadside";257048;132591;51.0747647539091;-4.04192510204553;2014-06-18 01:00:00;
"BP0";33;"Urban Background";528956;178848;51.4938505656999;-0.143808451030166;1990-07-03 01:00:00;1999-11-21 13:45:00
"LH0";17;"Urban Background";508300;177800;51.48878;-0.441627;2004-01-01 00:00:00;
"RI0";503;"Urban Background";0;0;;;2004-01-01 00:00:00;
"TD0";27;"Suburban";515115;170778;51.4243043441456;-0.345714576446947;1996-08-08 01:00:00;2018-01-01 00:00:00
"WE0";20;"Urban Background";525100;178800;51.4942847451596;-0.199340350918702;1987-01-01 00:00:00;2007-09-30 01:00:00
"RB5";26;"Roadside";540017;190488;51.595851;0.020087;2003-11-19 00:00:00;2012-03-30 11:45:00
"BX7";3;"Roadside";552615;175416;51.457159;0.195294;2004-04-08 01:00:00;2010-03-23 00:00:00
"BX8";3;"Roadside";552566;175384;51.456887;0.194582;2004-04-06 01:00:00;2010-04-15 01:00:00
"RIK";503;"Urban Background";516657;174129;51.4541070668971;-0.32244339423966;2004-04-27 01:00:00;2004-07-21 01:00:00
"RIL";503;"Urban Background";516657;174129;51.4541070668971;-0.32244339423966;2004-04-27 01:00:00;2004-07-21 01:00:00
"MY8";501;"Kerbside";528125;182016;51.5223667052165;-0.154699996073154;2004-02-16 00:00:00;2010-07-11 06:30:00
"HI0";17;"Suburban";506945;178609;51.496309;-0.460826;1996-08-02 01:00:00;
"WM0";33;"Urban Background";529802;178962;51.494681;-0.131938;2001-07-17 01:00:00;
"EC1";505;"Urban Background";540027;178419;51.487364580282;0.0153950014091405;2008-08-04 01:00:00;2008-12-02 00:00:00
"EA7";9;"Urban Background";511677;180071;51.508549;-0.392179;2004-07-13 12:00:00;2016-01-26 00:00:00
"ET1";500;"Urban Background";0;0;;;2004-07-15 14:30:00;
"YH1";300;"Roadside";430097;456701;54.0054266276414;-1.54229320094266;2004-08-01 01:00:00;2007-01-25 00:00:00
"SX6";200;"Roadside";485994;105229;50.8401845118684;-0.780059662704976;2004-08-10 01:00:00;2005-01-25 00:00:00
"CA2";205;"Urban Background";529415;141496;51.158094;-0.150715;2004-08-09 01:00:00;
"WM3";500;"Roadside";529997;180699;51.5102466399351;-0.128140147434324;2006-01-31 00:00:00;2006-02-15 00:00:00
"GR9";11;"Roadside";541879;175016;51.456357;0.040725;2004-10-01 01:00:00;
"FD2";500;"Urban Background";528125;182016;51.5225093597419;-0.154622154656843;2004-11-17 00:00:00;2005-01-05 00:00:00
"HO2";208;"Roadside";517483;130585;51.062592741468;-0.324817641639;2004-12-03 00:00:00;
"NF5";176;"Roadside";429853;108204;50.872564;-1.577085;2004-12-13 00:00:00;2017-01-01 00:00:00
"KC7";20;"Urban Background";524045;181752;51.5210467476039;-0.213492139585065;2003-11-21 00:00:00;2018-03-01 00:00:00
"EA8";9;"Industrial";520432;181428;51.518948;-0.265617;2005-02-25 00:00:00;
"RGC";500;"Urban Background";100000;100000;50.7219499093979;-6.25202012130081;2018-05-05 01:00:00;2019-01-29 00:00:00
"LS2";209;"Roadside";541508;110261;50.874533515926;0.0099215038753;2005-03-01 00:00:00;2011-02-03 00:00:00
"MW1";35;"Roadside";488624;180990;51.520894546995;-0.724024666515;2005-03-01 00:00:00;
"MW2";35;"Roadside";495662;176588;51.480178972651;-0.62380842514;2005-02-28 00:00:00;
"BH5";203;"Roadside";531205;105432;50.833534289066;-0.138188375508588;2005-03-01 00:00:00;2005-08-30 01:00:00
"HF3";13;"Kerbside";522387;182807;51.5308895141056;-0.237011005357313;2005-03-30 13:00:00;2005-10-27 15:00:00
"EA9";9;"Roadside";520473;181835;51.5225651213491;-0.264922414775277;2005-04-19 02:00:00;2006-06-01 01:00:00
"EA0";9;"Roadside";520304;180054;51.506628;-0.267934;2005-04-29 10:00:00;2011-12-29 00:00:00
"KC9";651;"Urban Background";524040;181740;51.5209400002925;-0.213568388647255;2005-01-01 00:00:00;2017-11-13 00:00:00
"MY9";501;"Kerbside";528125;182016;51.5225093597419;-0.154622154656843;2005-01-01 00:00:00;
"HA9";651;"Rural";446772;186020;51.5710906509547;-1.32653578717581;2005-01-01 00:00:00;2016-01-08 00:00:00
"BE9";651;"Urban Background";146231;529911;54.6004060367713;-5.93056356781934;2005-01-01 00:00:00;2007-06-24 01:00:00
"HA8";651;"Rural";446772;186020;51.5710906509547;-1.32653578717581;2005-05-10 01:00:00;2010-01-19 00:00:00
"BE8";651;"Urban Background";146231;529911;54.6004060367713;-5.93056356781934;2005-05-10 01:00:00;2007-06-24 01:00:00
"RIO";503;"Roadside";514750;172250;51.4376083413562;-0.350485562043877;2005-06-01 01:00:00;2005-07-19 01:00:00
"RIP";503;"Roadside";514750;172250;51.4376083413562;-0.350485562043877;2005-06-01 01:00:00;2005-07-19 01:00:00
"MR2";651;"Kerbside";528125;182016;51.5223667052165;-0.154699996073154;2005-05-28 01:00:00;
"BL1";600;"Urban Background";530123;182014;51.5220350364521;-0.125840522582931;2005-05-28 01:00:00;2007-10-19 01:00:00
"HA4";651;"Rural";446772;186020;51.5710906509547;-1.32653578717581;2005-05-28 01:00:00;2016-01-07 00:00:00
"HA0";651;"Rural";446772;186020;51.5710906509547;-1.32653578717581;2005-05-28 01:00:00;2007-07-03 01:00:00
"BE1";651;"Urban Background";146231;529911;54.6004060367713;-5.93056356781934;2005-05-28 01:00:00;
"BI1";651;"Urban Background";411581;290369;52.5110606948101;-1.83078970732063;2005-05-28 01:00:00;2009-01-12 00:00:00
"GL1";651;"Suburban";258902;665028;55.8576905465929;-4.2557986148307;2005-05-28 01:00:00;
"RD3";325;"Roadside";468697;174127;51.461963;-1.012509;2007-12-01 00:00:00;2013-03-31 00:00:00
"SU5";200;"Roadside";528472;138123;51.1279620638594;-0.165432647685883;2008-08-01 01:00:00;2012-03-01 00:00:00
"BQ7";3;"Urban Background";548465;179469;51.4946486813055;0.137279111232178;2010-08-24 01:00:00;
"BH1";203;"Roadside";531300;104300;50.8233386748547;-0.137245101690022;1998-02-10 00:00:00;2011-01-25 00:00:00
"BH2";203;"Roadside";528963;104731;50.8277372185745;-0.170254840548713;1998-01-01 00:00:00;2012-06-01 01:00:00
"BH3";203;"Urban Background";525684;107170;50.850404;-0.215915;2002-01-28 00:00:00;2010-03-11 00:00:00
"CR2";8;"Roadside";531123;164299;51.362638;-0.117952;1994-08-08 14:00:00;2010-10-08 01:00:00
"SU8";200;"Industrial";544947;102080;50.8001357152332;0.0555043284984506;2010-12-10 00:00:00;2011-07-08 01:00:00
"BN1";2;"Kerbside";526342;192223;51.614675;-0.176607;1998-12-20 12:00:00;2012-04-20 01:00:00
"BN2";2;"Urban Background";524370;189640;51.591901;-0.205992;2000-08-09 14:00:00;2012-04-20 01:00:00
"BN3";2;"Urban Background";526681;190701;51.6008848453589;-0.172297542087178;2000-08-14 15:00:00;2002-05-15 01:00:00
"BT1";4;"Suburban";519560;189271;51.589618;-0.275519;1996-01-26 00:00:00;2010-11-16 00:00:00
"BT2";4;"Roadside";520712;185164;51.5524326273922;-0.260338843869077;2001-06-17 13:00:00;2003-06-16 01:00:00
"BT3";4;"Roadside";521520;183475;51.5370800298103;-0.249273425299457;2001-10-31 00:00:00;2006-09-27 01:00:00
"BW1";42;"Urban Background";559860;193617;51.618686;0.307746;1995-08-08 01:00:00;2017-10-30 00:00:00
"BX1";3;"Suburban";551864;176379;51.4659832746662;0.184877126994369;1994-05-25 01:00:00;
"BX2";3;"Suburban";549980;179064;51.4906102082147;0.158914493927518;1998-01-24 15:00:00;
"BX3";3;"Suburban";547323;181231;51.510808;0.121617;1998-01-24 15:00:00;2018-03-12 00:00:00
"BX4";3;"Industrial";552239;177691;51.477670796298;0.190836225974902;1999-04-28 01:00:00;2014-12-19 00:00:00
"BX5";3;"Suburban";548280;177700;51.4788023547334;0.133873839062683;1999-10-06 14:00:00;2004-04-08 01:00:00
"BY5";5;"Suburban";542408;159251;51.314562;0.042019;1996-04-01 01:00:00;2010-07-09 09:45:00
"BY7";5;"Roadside";540518;169324;51.405546;0.018882;1998-07-06 12:00:00;
"XC1";500;"Rural";547269;321718;52.7729434309887;0.181632131894936;1998-07-14 01:00:00;
"CD1";6;"Kerbside";526629;184391;51.544219;-0.175284;1996-04-16 14:30:00;
"CD3";6;"Roadside";530057;181285;51.515532;-0.127027;2000-04-20 07:00:00;2016-11-04 00:00:00
"CI1";204;"Roadside";485879;103792;50.827304;-0.782009;2001-07-01 01:45:00;
"CP1";43;"Urban Background";580124;183417;51.520955;0.594919;1996-05-18 11:00:00;2010-07-16 01:00:00
"ZA3";100;"Urban Background";601439;142773;51.1487336112539;0.878756301819675;2008-09-21 01:00:00;
"NM1";25;"Urban Background";539744;181483;51.514764;0.011989;1998-01-01 00:00:00;2003-12-31 00:00:00
"ME1";24;"Roadside";525591;168437;51.40105;-0.195929;2010-01-13 00:00:00;2017-01-27 00:00:00
"SM1";200;"Urban Background";544842;101923;50.7987510301746;0.0539534804005503;2012-03-01 00:00:00;2012-05-30 01:00:00
"XN1";500;"Urban Background";100000;100000;50.7219499093979;-6.25202012130081;2014-01-01 00:00:00;
"XU8";504;"Urban Background";0;0;49.7667866669653;-7.55715939721731;2015-04-13 01:00:00;
"CR3";8;"Suburban";532336;168934;51.40401;-0.098814;1997-06-13 03:30:00;2013-02-08 00:00:00
"CR4";8;"Roadside";532583;165636;51.374312;-0.096503;1999-09-20 08:45:00;2015-04-02 01:00:00
"CT1";7;"Urban Background";532235;180892;51.511491;-0.095807;2001-10-10 15:45:00;2013-01-16 00:00:00
"DC1";150;"Urban Background";505460;207380;51.7551644081251;-0.473538963981745;1996-04-15 19:00:00;2003-04-03 09:00:00
"EA1";9;"Urban Background";517541;180738;51.5133230466548;-0.307529015473585;1995-03-14 00:00:00;2012-01-10 00:00:00
"EA2";9;"Roadside";520304;180054;51.506628;-0.267934;1996-09-09 16:00:00;2012-01-17 00:00:00
"EB1";206;"Urban Background";561146;98346;50.762334;0.283593;2000-06-01 01:00:00;
"IS1";19;"Urban Background";531635;184130;51.5407003385595;-0.103269578193151;1994-05-13 02:00:00;2007-03-14 00:00:00
"IS2";19;"Roadside";530698;185735;51.555378;-0.116146;2000-07-12 07:45:00;
"KC1";20;"Urban Background";524045;181752;51.5210467476039;-0.213492139585065;1995-03-17 00:00:00;
"KC2";20;"Roadside";526524;178965;51.49550391;-0.178809464;1998-05-10 21:00:00;2017-10-27 01:00:00
"KC3";20;"Roadside";527518;179395;51.49913951;-0.164337605;2000-03-28 12:30:00;2017-10-26 01:00:00
"KC4";20;"Roadside";527268;178089;51.48743685;-0.168397129;2000-09-27 15:15:00;2017-10-26 01:00:00
"HS9";18;"Roadside";510678;173248;51.4473877655456;-0.408732837243793;2009-08-19 01:00:00;2012-04-01 01:00:00
"EH6";150;"Rural";540436;232827;51.9761417356179;0.0432130366249863;2011-01-01 00:00:00;2011-09-01 01:00:00
"LC2";301;"Roadside";457083;300156;52.5961786788132;-1.15870767054281;1999-03-10 00:00:00;
"AG0";652;"Urban Background";259693;665899;55.8657412614016;-4.24362317249473;2013-10-07 01:00:00;
"MR0";500;"Kerbside";528125;182016;51.5225093597419;-0.154622154656843;2014-10-24 15:00:00;2015-01-08 00:00:00
"KC5";20;"Kerbside";525695;178363;51.49019756;-0.190863311;2002-05-01 01:00:00;2017-10-27 01:00:00
"KT1";21;"Suburban";517300;163300;51.3566466913867;-0.316770841962737;1996-01-24 14:00:00;2008-07-07 13:00:00
"LB1";22;"Roadside";530628;173368;51.444249;-0.121731;2000-09-24 10:00:00;2010-12-02 00:00:00
"LB2";22;"Roadside";530275;177887;51.4849123099475;-0.125173736606014;2001-12-19 15:00:00;2003-07-01 01:00:00
"LB3";22;"Urban Background";532137;175701;51.464866;-0.099161;2001-12-19 11:00:00;2010-12-20 00:00:00
"LH2";17;"Industrial";508393;176742;51.4792338864893;-0.440530703282971;1999-01-01 00:00:00;2011-02-24 00:00:00
"LN1";150;"Urban Background";505572;222778;51.893581;-0.467194;1999-03-22 10:00:00;2011-09-01 01:00:00
"LS1";209;"Roadside";540024;101275;50.794129;-0.014575;2000-06-01 01:00:00;2010-02-11 05:00:00
"LW1";23;"Urban Background";537675;173689;51.445468;-0.020266;1996-08-02 16:00:00;
"LW2";23;"Roadside";536241;176932;51.474954;-0.039641;2002-03-31 14:45:00;
"MD2";150;"Rural";509300;235700;52.0089520946013;-0.408968706334123;1998-02-20 15:15:00;2006-09-18 01:00:00
"MD3";150;"Roadside";516434;249597;52.132431;-0.300308;2002-09-29 07:00:00;
"MG1";501;"Kerbside";528125;182016;51.5225093597419;-0.154622154656843;1998-07-09 01:00:00;
"MV2";41;"Suburban";518160;157750;51.3065866171517;-0.306264695888657;1997-04-29 13:00:00;2006-07-18 01:00:00
"MV3";41;"Urban Background";517033;149806;51.23545;-0.32499;2001-10-18 15:30:00;2016-04-11 01:00:00
"RD1";325;"Roadside";471154;174427;51.464354;-0.9771;2006-11-22 00:00:00;2013-03-31 00:00:00
"HO3";208;"Roadside";517483;130585;51.0625661855506;-0.324847142653022;2006-10-25 01:00:00;2007-07-24 01:00:00
"BT6";4;"Roadside";521619;183554;51.537799;-0.247793;2006-11-01 00:00:00;
"ZD6";100;"Industrial";633517;141758;51.127446199443;1.33596814288592;2006-11-16 15:00:00;
"OX2";276;"Roadside";460798;189496;51.601041316028;-1.123550983484;2006-12-01 01:00:00;2012-05-01 01:00:00
"SU2";200;"Kerbside";562085;100013;50.7770270688252;0.297592572969822;2006-12-05 00:00:00;2007-04-26 01:00:00
"HI3";17;"Roadside";509551;176974;51.481131839058;-0.423760323968;2005-03-01 12:00:00;2011-06-01 01:00:00
"KC0";651;"Urban Background";524045;181752;51.5210467476039;-0.213492139585065;2005-05-28 01:00:00;2007-05-02 01:00:00
"MY0";651;"Kerbside";528125;182016;51.5223667052165;-0.154699996073154;2005-05-28 01:00:00;2007-05-15 01:00:00
"MR1";651;"Kerbside";528125;182016;51.5223667052165;-0.154699996073154;2005-05-28 01:00:00;
"RIM";503;"Roadside";517960;172524;51.439412311629;-0.304233643925093;2004-07-22 01:00:00;2005-06-01 01:00:00
"RIN";503;"Roadside";517960;172524;51.439412311629;-0.304233643925093;2004-07-22 01:00:00;2005-06-01 01:00:00
"BY1";5;"Urban Background";539685;170160;51.4132338948359;0.00721471618770671;1993-01-01 00:00:00;1996-01-11 21:00:00
"BY4";5;"Roadside";540630;169140;51.403834810795;0.020390228913718;1996-01-28 11:00:00;1998-07-06 11:45:00
"HG3";14;"Roadside";530050;191350;51.6059499474804;-0.123441120322547;1999-06-21 01:15:00;2001-03-11 23:45:00
"KT2";21;"Roadside";518200;169750;51.4144307605309;-0.301706822060131;1996-04-26 07:00:00;2000-06-23 09:45:00
"BF2";500;"Urban Background";0;0;;;2000-01-01 00:00:00;2002-08-01 00:45:00
"CH1";75;"Urban Background";0;0;49.7667866669653;-7.55715939721731;2001-01-04 16:00:00;2003-01-01 00:00:00
"CW1";102;"Urban Background";622649;135831;51.0785567960853;1.17725536425374;1997-11-29 23:00:00;2000-01-25 10:45:00
"CW2";102;"Urban Background";622651;135833;51.078573977144;1.17728510110858;1997-11-29 22:00:00;2000-01-25 10:45:00
"HA1";275;"Rural";446772;186020;51.5710906509547;-1.32653578717581;2001-02-01 00:00:00;2016-01-13 00:00:00
"EH4";150;"Roadside";533640;211400;51.7852798007045;-0.0639577189572629;2004-08-20 01:00:00;2005-01-05 00:00:00
"HM2";500;"Urban Background";513500;195500;51.6468239674073;-0.360970897644344;1998-02-28 11:15:00;1999-02-28 11:00:00
"HM3";500;"Urban Background";526247;200947;51.6930594119078;-0.174866259818586;1998-02-28 11:15:00;1999-02-28 11:00:00
"HV2";16;"Suburban";554200;192100;51.6065992159427;0.225359558329898;1998-04-01 00:00:00;2000-11-12 14:45:00
"WF2";150;"Roadside";510568;196808;51.6592;-0.402887;1998-11-27 00:00:00;2011-11-01 00:00:00
"LL1";212;"Rural";553800;101600;50.7935424082046;0.180837727330647;1998-01-01 00:00:00;
"MD1";150;"Roadside";519100;244600;52.0869175542222;-0.263157526855408;1998-02-09 21:15:00;1999-10-29 10:00:00
"MV1";41;"Rural";515600;157600;51.305763613474;-0.343022284542111;1996-04-29 08:30:00;1999-02-26 14:00:00
"EH5";150;"Roadside";544930;222110;51.8786999744646;0.104085758559622;2004-08-20 01:00:00;2005-11-30 00:00:00
"NF4";176;"Roadside";436187;113238;50.9174508575236;-1.48659001641455;2004-06-01 01:00:00;2017-01-01 00:00:00
"NH1";150;"Roadside";524500;233900;51.9895792797311;-0.188278506278534;1999-01-23 05:30:00;2000-05-24 20:15:00
"NH2";150;"Roadside";523800;233500;51.9861410902822;-0.198611606744246;2000-05-23 14:00:00;2002-05-23 06:45:00
"GN3";11;"Roadside";545560;178526;51.486957;0.095111;2006-01-27 00:00:00;
"PO1";175;"Urban Background";465600;103600;50.8282053073682;-1.06994447818715;2002-01-01 00:00:00;
"GN4";11;"Roadside";543582;172653;51.4346627060562;0.0642224671704697;2011-01-24 00:00:00;
"SC1";100;"Suburban";558900;167400;51.3833822677843;0.28206117113363;1996-05-17 10:30:00;1997-09-01 09:15:00
"SD1";234;"Urban Background";585566;186130;51.5435262816468;0.674668595611693;2003-01-01 00:00:00;
"SK3";500;"Urban Background";532240;178561;51.4905135792162;-0.0966382851247547;1999-09-10 11:30:00;2002-05-24 13:00:00
"SK4";500;"Roadside";534620;177670;51.4819456792926;-0.0627176235171689;1999-09-10 14:45:00;2001-07-26 12:15:00
"SH1";179;"Urban Background";442565;112255;50.908158;-1.395776;2003-01-01 00:00:00;
"SX2";200;"Roadside";491550;101600;50.8067079308065;-0.702077678905855;2002-06-24 00:00:00;2002-11-02 05:45:00
"VS1";33;"Kerbside";529810;179470;51.4992450135925;-0.131285173980659;2003-05-02 16:00:00;2008-04-01 01:00:00
"ZA4";100;"Urban Background";603411;142088;51.1418851726916;0.906526230466686;2009-11-10 00:00:00;
"WA3";32;"Rural";521991;174567;51.4569204685076;-0.245562490498382;1994-10-31 00:00:00;2000-11-24 13:45:00
"WL2";31;"Roadside";539000;187000;51.564725703428;0.00399595335237289;1998-07-09 13:15:00;2001-10-12 12:00:00
"ZA1";100;"Rural";592570;145280;51.1743008040925;0.753450467832782;1998-04-29 15:00:00;2001-01-18 09:45:00
"ZG1";100;"Urban Background";563135;172960;51.4321331960942;0.345420807224137;1997-04-25 11:00:00;2001-08-24 12:45:00
"ZM1";100;"Urban Background";573530;157583;51.2909139426243;0.487315730948058;1998-11-09 08:15:00;2001-01-14 00:00:00
"ZT3";100;"Rural";556985;141635;51.152419833579;0.243261592943741;1997-04-01 17:30:00;2000-05-25 08:45:00
"GN0";11;"Roadside";544084;178881;51.490532;0.074003;2004-10-07 01:00:00;
"GN2";11;"Industrial";540169;178999;51.492571;0.017697;2004-08-01 01:00:00;2016-10-20 01:00:00
"TE0";235;"Rural";610246;213205;51.7779742837066;1.04634518982586;2002-05-11 01:00:00;
"XS2";504;"Industrial";0;0;49.7667866669653;-7.55715939721731;2009-10-01 01:00:00;2011-06-22 01:00:00
"MOL";500;"Rural";400600;178200;51.5027085853625;-1.99274794762321;1989-01-01 00:00:00;1999-12-31 23:00:00
"TH4";30;"Roadside";538290;181452;51.5150461674013;-0.00841849265642741;2006-09-08 01:00:00;
"RY2";211;"Roadside";575596;108058;50.845402;0.49292;2006-11-01 00:00:00;
"GR3";650;"Urban Background";544100;176900;51.4726932245333;0.0733978762993288;2008-10-01 01:00:00;2012-03-26 01:00:00
"HX0";650;"Urban Background";411855;290590;52.513041616852;-1.8267446761489;2008-10-01 01:00:00;2017-03-13 00:00:00
"TL3";500;"Urban Background";549975;179064;51.4906115332744;0.158842529085038;2009-01-13 00:00:00;2015-03-27 00:00:00
"XN7";500;"Urban Background";0;0;49.7667866669653;-7.55715939721731;2014-07-18 01:00:00;2017-04-07 01:00:00
"OX1";276;"Roadside";476114;182529;51.536552;-0.903958;2006-12-01 00:00:00;2012-05-01 01:00:00
"HA6";500;"Rural";446772;186020;51.5710906509547;-1.32653578717581;2009-12-01 00:00:00;2010-11-01 00:00:00
"GW1";500;"Suburban";528000;141500;51.1584180898031;-0.170974912379106;1996-10-15 01:00:00;
"CT7";500;"Urban Background";533524;181174;51.513693481437;-0.0771668354554647;2005-09-16 01:00:00;2006-11-30 00:00:00
"XP2";500;"Urban Background";531325;186032;51.557895;-0.106989;2010-01-15 00:00:00;2010-03-01 00:00:00
"SS1";650;"Rural";496200;181900;51.527800718407;-0.614646326934452;1961-04-04 01:00:00;
"WM4";33;"Roadside";529992;180691;51.510205;-0.128177;2007-02-01 00:00:00;2011-01-11 00:00:00
"CT3";7;"Urban Background";533480;181186;51.513847178423;-0.077765681752;2003-01-01 00:00:00;
"IS6";19;"Urban Background";531325;186032;51.557895;-0.106989;2007-03-14 00:00:00;
"BI0";652;"Urban Background";406342;286862;52.4796181620645;-1.90804913599036;2004-01-01 00:00:00;2009-01-14 00:00:00
"BF5";150;"Roadside";505144;249977;52.1380661472753;-0.465101472743296;2010-05-01 01:00:00;2011-11-01 00:00:00
"CD7";500;"Kerbside";526650;184460;51.5448055074939;-0.174992638809887;2008-10-22 01:00:00;2010-07-01 01:00:00
"WA6";32;"Roadside";527712;171184;51.425284;-0.164452;2008-07-01 01:00:00;2009-08-28 14:30:00
"AS1";650;"Urban Background";375400;165623;51.3890842692919;-2.35492260047578;2008-10-01 01:00:00;2012-03-10 00:00:00
"WR1";650;"Urban Background";416337;432925;53.7923508268978;-1.75348922711569;2008-10-01 01:00:00;2009-10-02 01:00:00
"DD1";650;"Urban Background";393500;290500;52.5123188174795;-2.09720674700096;2008-10-01 01:00:00;2012-01-20 00:00:00
"HL1";650;"Urban Background";409130;424113;53.7133235765436;-1.86314645752847;2008-10-01 01:00:00;2012-03-23 00:00:00
"NW1";650;"Urban Background";623680;307014;52.6147729210848;1.30263697928982;2008-10-01 01:00:00;2013-05-14 01:00:00
"KB1";650;"Urban Background";445625;411058;53.5940857142729;-1.31213840199393;2008-10-01 01:00:00;2012-03-06 00:00:00
"SL1";650;"Urban Background";439252;558513;54.9197405763575;-1.38915098895508;2008-10-01 01:00:00;
"WAA";32;"Roadside";529137;177249;51.4794395281222;-0.141786953606306;2012-06-19 01:00:00;
"DM1";650;"Urban Background";140440;523332;54.5384864124052;-6.01417360814188;2008-10-01 01:00:00;2012-06-27 01:00:00
"ED0";650;"Urban Background";326250;673132;55.9455066341714;-3.18241298333643;2008-10-01 01:00:00;2012-02-09 00:00:00
"BE3";650;"Urban Background";146231;529911;54.6004060367713;-5.93056356781934;2005-05-28 01:00:00;2019-11-13 00:00:00
"GL4";650;"Suburban";258902;665028;55.8576905465929;-4.2557986148307;2008-10-01 01:00:00;2012-08-15 01:00:00
"MA2";650;"Urban Background";384310;398325;53.4813756906487;-2.23789349063873;2008-10-01 01:00:00;2012-03-23 00:00:00
"NK3";650;"Urban Background";524045;181752;51.5210467476039;-0.213492139585065;2008-10-01 01:00:00;2019-11-07 00:00:00
"NT0";650;"Urban Background";457420;340050;52.9547299743148;-1.14675169446786;2008-10-01 01:00:00;2012-03-23 00:00:00
"SR0";650;"Urban Background";388348;347894;53.0281720422481;-2.17518254442078;2008-10-01 01:00:00;
"SN1";650;"Urban Background";0;0;49.7667866669653;-7.55715939721731;2008-10-01 01:00:00;2019-11-14 00:00:00
"HA5";650;"Rural";446772;186020;51.5710906509547;-1.32653578717581;2008-10-01 01:00:00;2016-01-13 00:00:00
"BTE";500;"Industrial";521530;185210;51.5526706016942;-0.248530686101781;2008-01-31 00:00:00;2008-10-01 01:00:00
"HS7";18;"Urban Background";509332;174997;51.463402;-0.427525;2006-01-05 00:00:00;2012-04-01 01:00:00
"HF4";13;"Roadside";523314;179900;51.5045625671557;-0.224670007031603;2011-10-31 00:00:00;2017-10-27 01:00:00
"LS6";209;"Urban Background";545209;102582;50.8045814997937;0.0594180318758693;2013-07-18 01:00:00;2017-06-27 01:00:00
"ZT5";100;"Roadside";558867;146171;51.1926562807652;0.272151558681425;2007-07-10 01:00:00;
"ME2";24;"Roadside";525808;170122;51.4161384794862;-0.192230805042824;2011-06-29 01:00:00;
"XP1";500;"Urban Background";543978;174655;51.4525515604648;0.0707291040798463;2010-01-14 00:00:00;2010-08-26 01:00:00
"SK7";28;"Urban Background";532101;178832;51.4929813788003;-0.0985378910481832;2014-08-26 01:00:00;2015-11-11 00:00:00
"CB2";228;"Roadside";571637;207175;51.7369737900902;0.484321588444547;2006-05-01 01:00:00;
"XP3";500;"Urban Background";549975;179064;51.490646;0.158882;2010-01-13 00:00:00;2010-03-01 00:00:00
"NH6";150;"Roadside";518176;229116;51.9479672144766;-0.281975830202793;2010-02-26 00:00:00;2011-11-01 00:00:00
"CD9";6;"Roadside";529903;182666;51.527975;-0.1287742;2011-01-29 00:00:00;
"GL6";650;"Roadside";260012;665344;55.8608512555174;-4.23824336393237;2015-03-05 00:00:00;2019-11-05 00:00:00
"XU3";504;"Urban Background";0;0;49.7667866669653;-7.55715939721731;2015-04-13 01:00:00;
"RIY";503;"Kerbside";515473;168771;51.4061930989801;-0.341220894813947;2010-01-05 00:00:00;2011-01-11 00:00:00
"EN7";10;"Urban Background";536885;198507;51.66864334727;-0.02200720557;2012-07-09 01:00:00;
"TH5";30;"Urban Background";536487;184238;51.5405194915241;-0.033307388878;2012-07-25 01:00:00;2016-11-26 00:00:00
"KSK";500;"Urban Background";530829;180852;51.5114297353077;-0.11610128291258;2008-01-01 00:00:00;
"LW3";23;"Industrial";535806;177612;51.4811412184719;-0.0456708566668043;2010-01-01 00:00:00;2016-02-03 00:00:00
"BH8";203;"Rural";533455;109567;50.8701837148724;-0.104749938144347;2010-03-12 00:00:00;2017-04-10 01:00:00
"BI9";652;"Urban Background";411625;290457;52.5118508734699;-1.83013834753121;2007-01-01 00:00:00;
"SH4";179;"Urban Background";443987;113340;50.917806;-1.375582;2009-01-01 00:00:00;2014-01-02 00:00:00
"IRU";500;"Rural";0;0;49.7667866669653;-7.55715939721731;2004-01-01 00:00:00;
"XL3";500;"Urban Background";532101;178832;51.4929813788003;-0.0985378910481832;2015-04-13 01:00:00;
"AZ99";10;"Urban Background";544614;114432;50.9112219333093;0.0556574726512342;2018-08-28 01:00:00;
"GF7";500;"Suburban";;;;;2018-09-10 01:00:00;
"XD2";500;"Suburban";515115;170778;51.4243043441456;-0.345714576446947;2014-02-20 00:00:00;
"RG0";500;"Suburban";528552;141855;51.1614849525179;-0.162958897054668;2010-03-15 00:00:00;2011-01-21 00:00:00
"SH2";179;"Roadside";437549;113721;50.921744;-1.467165;1999-04-01 01:00:00;2014-04-07 01:00:00
"SH3";179;"Roadside";442304;112771;50.9128368507853;-1.39963085070675;2005-07-01 01:00:00;2020-04-01 01:00:00
"CB3";228;"Urban Background";566463;210830;51.771366209587;0.411210699839304;2007-04-01 01:00:00;
"CC3";229;"Roadside";599923;224738;51.8853134713473;0.903570938311254;2007-01-01 00:00:00;
"UT1";236;"Roadside";553794;238163;52.0205464219742;0.239932227889456;2007-01-01 00:00:00;
"UT3";236;"Rural";558864;224770;51.8988043942606;0.307568574302033;2007-01-01 00:00:00;2011-01-01 00:00:00
"SBG";601;"Urban Background";0;0;49.7667866669653;-7.55715939721731;1994-01-01 00:00:00;
"SRS";601;"Roadside";0;0;49.7667866669653;-7.55715939721731;1994-01-01 00:00:00;
"AH0";652;"Roadside";287600;345800;49.7667866669653;-7.55715939721731;2009-01-01 00:00:00;
"XH1";500;"Rural";446772;186020;51.5710906509547;-1.32653578717581;2010-07-26 01:00:00;2013-01-04 00:00:00
"AD1";201;"Kerbside";521399;105040;50.8321487360948;-0.27749852601479;2009-01-01 00:00:00;
"ME5";24;"Industrial";;;;;2014-12-02 00:00:00;
"WM6";33;"Kerbside";528276;181065;51.5139287404213;-0.152792701881935;2011-01-01 00:00:00;
"WA9";32;"Urban Background";524035;175519;51.4650325059122;-0.215824580947572;2011-01-04 00:00:00;
"GF1";500;"Urban Background";0;0;49.7667866669653;-7.55715939721731;1996-10-15 01:00:00;2013-08-23 01:00:00
"GF2";500;"Urban Background";0;0;49.7667866669653;-7.55715939721731;1996-10-15 01:00:00;
"LU1";507;"Industrial";179884;0;49.8597070506865;-5.06395899837078;2018-02-20 00:00:00;2018-06-18 01:00:00
"WA8";32;"Roadside";524034;175373;51.4637206047191;-0.215890144123119;2010-04-23 01:00:00;
"CB4";228;"Roadside";571654;205799;51.7246085042838;0.483889615291595;2010-04-01 01:00:00;
"NK0";500;"Urban Background";524045;181752;51.5210467476039;-0.213492139585065;2013-12-15 00:00:00;2014-10-14 10:00:00
"XM1";500;"Rural";580075;159700;51.3078998418593;0.582148488015024;2010-07-28 01:00:00;2013-01-04 00:00:00
"XM2";500;"Rural";580075;159700;51.3078998418593;0.582148488015024;2010-07-28 01:00:00;2013-01-04 00:00:00
"XM3";500;"Rural";580075;159700;51.3078998418593;0.582148488015024;2010-07-28 01:00:00;2013-01-04 00:00:00
"XM4";500;"Rural";580075;159700;51.3078998418593;0.582148488015024;2010-07-28 01:00:00;2013-01-04 00:00:00
"XM5";500;"Rural";580075;159700;51.3078998418593;0.582148488015024;2010-08-09 01:00:00;2013-01-04 00:00:00
"WT1";213;"Kerbside";514566;105024;50.8333963596274;-0.374489409400136;2007-01-01 00:00:00;2012-03-01 00:00:00
"LC6";301;"Roadside";458507;304905;52.63871487704;-1.13684854050292;2005-08-15 01:00:00;
"LC7";301;"Roadside";460842;302058;52.6128680490902;-1.10287094618489;2013-02-14 00:00:00;2017-01-03 00:00:00
"KG1";20;"Roadside";525509;178268;51.4894131144322;-0.193640886158949;2013-10-30 00:00:00;2014-10-31 00:00:00
"ME4";500;"Industrial";0;0;49.7667866669653;-7.55715939721731;2013-05-01 01:00:00;2013-10-30 00:00:00
"RHH";503;"Roadside";515355;173992;51.4531422511004;-0.341218138106469;2016-05-24 01:00:00;
"XU4";504;"Urban Background";0;0;49.7667866669653;-7.55715939721731;2015-04-13 01:00:00;
"XU5";504;"Urban Background";0;0;49.7667866669653;-7.55715939721731;2015-04-13 01:00:00;
"VVG";500;"Kerbside";509304;184499;51.548806;-0.425015;2000-01-01 00:00:00;
"WAB";32;"Roadside";527567;171628;51.429331;-0.166524;2015-06-11 01:00:00;
"XK2";500;"Urban Background";524045;181752;51.5210467476039;-0.213492139585065;2014-04-18 01:00:00;
"ZV3";37;"Industrial";553194;157248;51.293759175;0.195766572888;2015-06-22 01:00:00;2018-05-16 01:00:00
"LS5";209;"Roadside";541541;110246;50.8743641680228;0.0103548583119496;2011-05-19 01:00:00;
"RHD";503;"Industrial";515274;173535;51.449051333243;-0.34253210361487;2012-01-04 00:00:00;2016-05-24 01:00:00
"RHE";503;"Kerbside";512437;173217;51.4467629979752;-0.383441394330314;2012-03-15 00:00:00;2015-03-11 00:00:00
"SX1";200;"Urban Background";0;0;49.7667866669653;-7.55715939721731;2002-06-22 01:00:00;2002-06-22 02:00:00
"WM7";501;"Kerbside";528125;182016;51.5225093597419;-0.154622154656843;1997-08-01 01:00:00;1997-12-30 00:00:00
"NM3";25;"Urban Background";539889;181469;51.514727;0.014554;2003-03-21 00:00:00;2013-04-01 01:00:00
"LB6";22;"Urban Background";529971;171570;51.4282131429499;-0.13186863879576;2009-08-17 01:00:00;
"RIZ";503;"Kerbside";515473;168771;51.4061930989801;-0.341220894813947;2010-01-05 00:00:00;2011-01-11 00:00:00
"BZ0";652;"Urban Background";411654;282146;52.4371352333108;-1.82999875758157;2011-07-27 01:00:00;
"ST7";29;"Industrial";529780;166850;51.3858391292126;-0.136339857220486;2010-02-09 00:00:00;2012-02-10 00:00:00
"WA1";32;"Roadside";525648;174428;51.4548722085;-0.193003999857021;1995-04-01 01:00:00;1996-02-26 00:00:00
"CC2";229;"Roadside";600572;225139;51.8886812267727;0.913221031024663;2006-01-01 00:00:00;
"TE1";235;"Roadside";617750;215250;51.7934662474003;1.1562312103883;2001-01-01 00:00:00;
"UT2";236;"Urban Background";555949;221267;51.8681567817872;0.263655317647568;2007-01-01 00:00:00;
"MR4";500;"Kerbside";528125;182016;51.5223667052165;-0.154699996073154;2010-06-01 01:00:00;2015-04-20 01:00:00
"NK5";500;"Urban Background";524045;181752;51.5210467476039;-0.213492139585065;2010-07-07 01:00:00;2017-11-17 00:00:00
"LD2";500;"Urban Background";430296;432326;53.7863449549847;-1.54165933091065;2008-01-01 00:00:00;
"MR6";651;"Kerbside";528125;182016;51.5223667052165;-0.154699996073154;2011-01-20 00:00:00;
"JA6";506;"Kerbside";0;0;49.7667866669653;-7.55715939721731;2013-12-01 00:00:00;
"JA7";506;"Kerbside";0;0;49.7667866669653;-7.55715939721731;2013-12-01 00:00:00;
"JA8";506;"Kerbside";0;0;49.7667866669653;-7.55715939721731;2013-12-01 00:00:00;
"JA9";506;"Kerbside";0;0;49.7667866669653;-7.55715939721731;2013-12-01 00:00:00;
"J10";506;"Kerbside";0;0;49.7667866669653;-7.55715939721731;2013-12-01 00:00:00;
"JB1";506;"Kerbside";0;0;49.7667866669653;-7.55715939721731;2013-12-01 00:00:00;
"JB2";506;"Kerbside";0;0;49.7667866669653;-7.55715939721731;2013-12-01 00:00:00;
"JB3";506;"Kerbside";0;0;49.7667866669653;-7.55715939721731;2013-12-01 00:00:00;
"JB4";506;"Kerbside";0;0;49.7667866669653;-7.55715939721731;2013-12-01 00:00:00;
"RB7";26;"Urban Background";544454;187682;51.5694843315237;0.0829074748964946;2014-05-15 01:00:00;
"SF1";652;"Urban Background";434816;386990;53.378588937563;-1.47810045366388;2013-10-31 00:00:00;
"KM1";500;"Urban Background";524045;181752;51.5210467476039;-0.213492139585065;2012-10-04 01:00:00;2018-11-22 00:00:00
"MYI";500;"Kerbside";528125;182016;51.5225093597419;-0.154622154656843;2014-09-24 01:00:00;
"XU6";504;"Urban Background";0;0;49.7667866669653;-7.55715939721731;2015-04-13 01:00:00;
"XK0";500;"Urban Background";524045;181752;51.5210467476039;-0.213492139585065;2008-10-01 01:00:00;2013-01-17 00:00:00
"HXA";650;"Roadside";411855;290590;52.513041616852;-1.8267446761489;2016-09-07 01:00:00;2019-11-04 00:00:00
"TD9";500;"Suburban";515115;170778;51.4243043441456;-0.345714576446947;2013-11-05 00:00:00;
"CR8";8;"Urban Background";530325;169554;51.410039;-0.127523;2014-12-01 00:00:00;
"KT3";21;"Roadside";518202;169673;51.413691;-0.302269;2015-03-10 00:00:00;2016-07-13 01:00:00
"KT4";21;"Roadside";519706;165885;51.379312;-0.281259;2015-04-13 01:00:00;
"BT8";4;"Roadside";523721;183008;51.5324054617809;-0.217718908639377;2017-10-30 00:00:00;
"RSI";55;"Indoor";;;;;2016-06-01 01:00:00;2018-06-26 01:00:00
"RSO";55;"Roadside";;;;;2016-06-01 01:00:00;2018-06-26 01:00:00
"GF6";500;"Urban Background";0;0;49.7667866669653;-7.55715939721731;;
"TB2";53;"Roadside";;;51.501679;-0.077746;2017-01-13 00:00:00;2017-06-21 01:00:00
"KF1";20;"Urban Background";524045;181752;51.5210467476039;-0.213492139585065;2017-02-20 00:00:00;
"WMB";33;"Roadside";529493;181331;51.516066;-0.13516388;2018-06-05 01:00:00;
"TH6";30;"Urban Background";538052;178559;51.4891342634;-0.0129769309432;2015-07-06 01:00:00;2016-11-26 00:00:00
"ME7";24;"Industrial";527751;167742;51.3943415638;-0.165161044588;2015-08-05 01:00:00;2016-04-01 01:00:00
"ME8";503;"Industrial";527751;167742;51.3943154308093;-0.165161455739327;2015-08-05 01:00:00;2016-04-01 01:00:00
"MR9";500;"Kerbside";528125;182016;51.5225093597419;-0.154622154656843;2017-02-20 00:00:00;
"FA1";53;"Kerbside";;;51.504366;-0.08257;2015-10-26 00:00:00;2017-01-13 00:00:00
"XU1";504;"Urban Background";0;0;49.7667866669653;-7.55715939721731;2015-04-13 01:00:00;
"ES2";180;"Urban Background";443941;119698;50.9750007643888;-1.37551374713169;2015-10-15 01:00:00;
"NB1";33;"Roadside";530785;180911;51.5119701188277;-0.116713103528546;2015-04-28 01:00:00;
"XN9";500;"Urban Background";100000;100000;50.7219499093979;-6.25202012130081;2014-01-01 00:00:00;2018-10-20 01:00:00
"MW4";35;"Urban Background";488495;182715;51.5363854087616;-0.725480414494953;2015-12-21 00:00:00;
"HFY";500;"Roadside";;;51.504366;-0.08257;2015-10-01 01:00:00;2017-05-16 01:00:00
"SH0";179;"Roadside";437798;113594;50.9205490280861;-1.46363686588104;2015-12-04 00:00:00;
"CM9";651;"Rural";439390;139078;51.1495878397059;-1.43822685268545;2016-01-13 00:00:00;2019-10-31 00:00:00
"WAC";32;"Roadside";527450;175454;51.4636903568111;-0.166713485994806;2016-04-14 01:00:00;
"CR9";8;"Roadside";532568;165599;51.3739530635378;-0.0967638468323854;2015-11-02 00:00:00;
"WMZ";33;"Kerbside";528276;181065;51.5139287404213;-0.152792701881935;2016-05-13 01:00:00;2016-09-08 01:00:00
"ME9";24;"Roadside";525593;168498;51.40162;-0.19589212;2017-01-27 00:00:00;
"CM1";651;"Rural";439390;139078;51.1495878397059;-1.43822685268545;2016-01-13 00:00:00;
"GN5";11;"Roadside";538997;178006;51.4839072533485;0.000407396935849736;2017-10-12 01:00:00;
"LU2";507;"Industrial";179884;0;49.8597070506865;-5.06395899837078;2018-02-20 00:00:00;2018-06-18 01:00:00
"LU3";507;"Industrial";179884;0;49.8597070506865;-5.06395899837078;2018-02-20 00:00:00;2018-10-22 01:00:00
"BQ6";3;"Industrial";552239;177691;51.477670796298;0.190836225974902;2010-02-12 00:00:00;2014-10-28 00:00:00
"BQ5";3;"Industrial";551999;177742;51.4781935083933;0.187404883999095;1999-04-28 10:00:00;2014-10-28 00:00:00
"BH9";203;"Roadside";531002;105918;50.8379482615349;-0.140895898870729;2010-09-01 01:00:00;2012-07-01 01:00:00
"BR0";652;"Urban Background";359501;173935;51.4629029105865;-2.5843548782202;2006-06-15 01:00:00;
"RG5";500;"Suburban";528204;142330;51.1658319616611;-0.167763764582061;2010-09-23 01:00:00;
"XT2";500;"Urban Background";529221;181920;51.5213971850178;-0.138868707289094;2010-11-01 00:00:00;2013-02-11 00:00:00
"ZY4";100;"Roadside";614462;157831;51.2792115734428;1.07367563520976;2009-07-30 01:00:00;
"SK5";28;"Roadside";534844;177515;51.4804994936467;-0.0595528932573422;2010-11-24 00:00:00;
"NK6";651;"Urban Background";524045;181752;51.5210467476039;-0.213492139585065;2011-01-20 00:00:00;2018-11-08 00:00:00
"BS0";652;"Urban Background";336000;373400;53.2536998836413;-2.96072918140932;1998-06-01 01:00:00;2007-09-30 01:00:00
"BU0";652;"Urban Background";412320;93344;50.7395539419068;-1.82677110021501;2001-03-05 00:00:00;
"BV0";652;"Roadside";380922;404772;53.5392102853621;-2.28933979495129;1997-01-20 00:00:00;
"CE1";652;"Urban Background";353126;193461;51.6379624218426;-2.67872201691337;2008-01-01 00:00:00;
"CF0";652;"Urban Background";318417;176505;51.4815671179655;-3.17623372522064;1992-05-12 01:00:00;2019-11-08 00:00:00
"CL0";652;"Urban Background";339442;555956;54.8946139053441;-2.9457261368379;2008-02-14 00:00:00;
"CN0";652;"Urban Background";330510;195436;51.6533732918523;-3.00586862451318;2001-07-20 01:00:00;
"CV0";652;"Urban Background";432801;277340;52.393075180226;-1.51940791411148;2001-02-26 00:00:00;
"DF0";652;"Urban Background";297012;576278;55.0702089244621;-3.61435877341913;2001-03-01 00:00:00;
"DY0";652;"Urban Background";417200;242900;52.0841615226967;-1.75040544218164;1997-04-29 01:00:00;
"GG0";652;"Urban Background";293840;681032;56.0103831519557;-3.70424019803081;2001-01-01 00:00:00;
"MOM";500;"Rural";632300;166100;51.3464508183819;1.33438090271336;1989-01-01 00:00:00;1999-12-31 23:00:00
"RHF";503;"Kerbside";512437;173217;51.4467629979752;-0.383441394330314;2012-03-15 00:00:00;2015-03-11 00:00:00
"GL3";652;"Kerbside";258708;665200;55.8591779120416;-4.25898496230141;1997-03-10 00:00:00;
"HA2";500;"Rural";446772;186020;51.5710906509547;-1.32653578717581;2008-07-04 01:00:00;
"HU0";652;"Urban Background";509478;429329;53.7488092030955;-0.341280147367683;2002-11-06 00:00:00;
"IV0";652;"Urban Background";265720;845680;57.4813682508705;-4.24126970819916;2007-05-01 01:00:00;2007-12-02 00:00:00
"LC0";652;"Urban Background";458767;304083;52.6312981580816;-1.13315288303733;1994-01-04 00:00:00;
"LD0";652;"Urban Background";429976;434268;53.8038174247525;-1.54632779581038;1993-01-04 00:00:00;
"LD6";652;"Urban Background";427991;436071;53.8201323242841;-1.57630368253666;2008-02-17 00:00:00;
"LM0";652;"Urban Background";431932;265743;52.2888711897707;-1.53327593234988;1996-07-26 01:00:00;
"LP0";652;"Urban Background";334887;390638;53.4084876555767;-2.98095770713415;1995-11-14 00:00:00;
"LV0";652;"Rural";206500;354500;53.0526060938201;-4.88852558011541;1987-04-02 01:00:00;
"MB0";652;"Urban Background";450480;519632;54.5693625319299;-1.22073116188845;1993-01-01 00:00:00;
"MC0";652;"Urban Background";384310;398325;53.4813756906487;-2.23789349063873;1995-12-18 00:00:00;
"NC0";652;"Urban Background";425016;564940;54.9784063522504;-1.6106850117499;1992-03-08 00:00:00;
"NO1";652;"Rural";476111;264524;52.27358060003;-0.88594991526014;2001-01-12 00:00:00;
"NR0";652;"Urban Background";332471;189615;51.6012823244027;-2.97640268202463;2008-01-01 00:00:00;
"NW0";652;"Urban Background";623078;308910;52.6320365928768;1.29503951196692;1997-07-24 01:00:00;2008-05-13 01:00:00
"EI3";9;"Urban Background";521234;179771;51.5038527919816;-0.254668101620372;2017-11-23 00:00:00;
"WMA";33;"Roadside";528709;178773;51.4932327916861;-0.147391757027028;2018-02-18 00:00:00;2020-04-27 11:00:00
"HP5";651;"Urban Background";536473;174128;51.4496728960354;-0.0374153592115306;2018-11-27 00:00:00;
